claim_id,doc_id,seq,locator,claim_text,kind,tickers,metric,value_text,period,confidence,extracted_at,value_num,unit,as_of
893,2026-08-13_174b6462,11,11,当时经济增速较快，达到10%甚至更高,fact,[],宏观经济.增速,10%甚至更高,,0.6,2026-09-11 14:30:30.530321+00:00,10,%甚至更高,2026-08-13
894,2026-08-13_174b6462,11,11,未来的需求预计保持稳健增长，各消费领域可能维持在2%-5%的增速水平,forecast,[],消费领域.需求增速,2%-5%,,0.7,2026-09-11 14:30:30.530321+00:00,2,%-5%,2026-08-13
911,2026-08-13_174b6462,16,16,化工有些行业开工率很高，能够达到80-90%，可是景气还是没有大的上升（比如2025年涤纶长丝、纯碱）,fact,[],化工.开工率,80-90%,2025,0.7,2026-09-11 14:33:21.394157+00:00,80,-90%,2026-08-13
912,2026-08-13_174b6462,16,16,这些企业的开工率可以长期维持在较高水平，甚至高达100%,fact,[],化工.开工率,100%,,0.6,2026-09-11 14:33:21.394157+00:00,100,%,2026-08-13
913,2026-08-13_174b6462,16,16,涤纶长丝行业集中度变化情况（截至2026.06）：CR3 50.8%，CR5 62.9%,fact,[],涤纶长丝.行业集中度,CR3 50.8%、CR5 62.9%,2026-06,0.7,2026-09-11 14:33:21.394157+00:00,,,2026-08-13
914,2026-08-13_174b6462,16,16,2026年国内涤纶长丝产能分布（截至2026.06）：桐昆集团22%、新凤鸣16%、恒逸石化13%、东方盛虹6%、恒力石化6%、其他37%,fact,[],涤纶长丝.产能占比,桐昆集团 22%、新凤鸣 16%、恒逸石化 13%、东方盛虹 6%、恒力石化 6%、其他 37%,2026,0.85,2026-09-11 14:33:21.394157+00:00,,,2026-08-13
967,2026-08-16_6f14cc14,3,3,"资产负债表.合同负债 2026E 12,259 百万元",forecast,['600519.SH'],资产负债表.合同负债,"12,259 百万元",2026E,0.9,2026-09-11 14:37:25.518068+00:00,12259,百万元,2026-08-16
968,2026-08-16_6f14cc14,3,3,"资产负债表.合同负债 2027E 10,975 百万元",forecast,['600519.SH'],资产负债表.合同负债,"10,975 百万元",2027E,0.9,2026-09-11 14:37:25.518068+00:00,10975,百万元,2026-08-16
969,2026-08-16_6f14cc14,3,3,"资产负债表.合同负债 2028E 11,431 百万元",forecast,['600519.SH'],资产负债表.合同负债,"11,431 百万元",2028E,0.9,2026-09-11 14:37:25.518068+00:00,11431,百万元,2026-08-16
970,2026-08-16_6f14cc14,3,3,"资产负债表.其他应付款 2025A 5,298 百万元",fact,['600519.SH'],资产负债表.其他应付款,"5,298 百万元",2025A,0.9,2026-09-11 14:37:25.518068+00:00,5298,百万元,2026-08-16
971,2026-08-16_6f14cc14,3,3,"资产负债表.其他应付款 2026E 5,298 百万元",forecast,['600519.SH'],资产负债表.其他应付款,"5,298 百万元",2026E,0.9,2026-09-11 14:37:25.518068+00:00,5298,百万元,2026-08-16
972,2026-08-16_6f14cc14,3,3,"资产负债表.其他应付款 2027E 5,298 百万元",forecast,['600519.SH'],资产负债表.其他应付款,"5,298 百万元",2027E,0.9,2026-09-11 14:37:25.518068+00:00,5298,百万元,2026-08-16
973,2026-08-16_6f14cc14,3,3,"资产负债表.其他应付款 2028E 5,298 百万元",forecast,['600519.SH'],资产负债表.其他应付款,"5,298 百万元",2028E,0.9,2026-09-11 14:37:25.518068+00:00,5298,百万元,2026-08-16
974,2026-08-16_6f14cc14,3,3,"资产负债表.其他流动负债 2025A 32,255 百万元",fact,['600519.SH'],资产负债表.其他流动负债,"32,255 百万元",2025A,0.9,2026-09-11 14:37:25.518068+00:00,32255,百万元,2026-08-16
975,2026-08-16_6f14cc14,3,3,"资产负债表.其他流动负债 2026E 32,968 百万元",forecast,['600519.SH'],资产负债表.其他流动负债,"32,968 百万元",2026E,0.9,2026-09-11 14:37:25.518068+00:00,32968,百万元,2026-08-16
976,2026-08-16_6f14cc14,3,3,"资产负债表.其他流动负债 2027E 35,424 百万元",forecast,['600519.SH'],资产负债表.其他流动负债,"35,424 百万元",2027E,0.9,2026-09-11 14:37:25.518068+00:00,35424,百万元,2026-08-16
977,2026-08-16_6f14cc14,3,3,"资产负债表.其他流动负债 2028E 34,904 百万元",forecast,['600519.SH'],资产负债表.其他流动负债,"34,904 百万元",2028E,0.9,2026-09-11 14:37:25.518068+00:00,34904,百万元,2026-08-16
978,2026-08-16_6f14cc14,3,3,"资产负债表.流动负债合计 2025A 49,611 百万元",fact,['600519.SH'],资产负债表.流动负债合计,"49,611 百万元",2025A,0.9,2026-09-11 14:37:25.518068+00:00,49611,百万元,2026-08-16
979,2026-08-16_6f14cc14,3,3,"资产负债表.流动负债合计 2026E 54,672 百万元",forecast,['600519.SH'],资产负债表.流动负债合计,"54,672 百万元",2026E,0.9,2026-09-11 14:37:25.518068+00:00,54672,百万元,2026-08-16
980,2026-08-16_6f14cc14,3,3,"资产负债表.流动负债合计 2027E 56,125 百万元",forecast,['600519.SH'],资产负债表.流动负债合计,"56,125 百万元",2027E,0.9,2026-09-11 14:37:25.518068+00:00,56125,百万元,2026-08-16
981,2026-08-16_6f14cc14,3,3,"资产负债表.流动负债合计 2028E 56,121 百万元",forecast,['600519.SH'],资产负债表.流动负债合计,"56,121 百万元",2028E,0.9,2026-09-11 14:37:25.518068+00:00,56121,百万元,2026-08-16
982,2026-08-16_6f14cc14,3,3,"资产负债表.负债合计 2025A 49,876 百万元",fact,['600519.SH'],资产负债表.负债合计,"49,876 百万元",2025A,0.9,2026-09-11 14:37:25.518068+00:00,49876,百万元,2026-08-16
983,2026-08-16_6f14cc14,3,3,"资产负债表.负债合计 2026E 55,048 百万元",forecast,['600519.SH'],资产负债表.负债合计,"55,048 百万元",2026E,0.9,2026-09-11 14:37:25.518068+00:00,55048,百万元,2026-08-16
984,2026-08-16_6f14cc14,3,3,"资产负债表.负债合计 2027E 56,481 百万元",forecast,['600519.SH'],资产负债表.负债合计,"56,481 百万元",2027E,0.9,2026-09-11 14:37:25.518068+00:00,56481,百万元,2026-08-16
985,2026-08-16_6f14cc14,3,3,"资产负债表.负债合计 2028E 56,497 百万元",forecast,['600519.SH'],资产负债表.负债合计,"56,497 百万元",2028E,0.9,2026-09-11 14:37:25.518068+00:00,56497,百万元,2026-08-16
986,2026-08-16_6f14cc14,3,3,"资产负债表.归属母公司所有者权益 2025A 244,638 百万元",fact,['600519.SH'],资产负债表.归属母公司所有者权益,"244,638 百万元",2025A,0.9,2026-09-11 14:37:25.518068+00:00,244638,百万元,2026-08-16
987,2026-08-16_6f14cc14,3,3,"资产负债表.归属母公司所有者权益 2026E 272,957 百万元",forecast,['600519.SH'],资产负债表.归属母公司所有者权益,"272,957 百万元",2026E,0.9,2026-09-11 14:37:25.518068+00:00,272957,百万元,2026-08-16
988,2026-08-16_6f14cc14,3,3,"资产负债表.归属母公司所有者权益 2027E 298,007 百万元",forecast,['600519.SH'],资产负债表.归属母公司所有者权益,"298,007 百万元",2027E,0.9,2026-09-11 14:37:25.518068+00:00,298007,百万元,2026-08-16
989,2026-08-16_6f14cc14,3,3,"资产负债表.归属母公司所有者权益 2028E 324,048 百万元",forecast,['600519.SH'],资产负债表.归属母公司所有者权益,"324,048 百万元",2028E,0.9,2026-09-11 14:37:25.518068+00:00,324048,百万元,2026-08-16
990,2026-08-16_6f14cc14,3,3,"资产负债表.少数股东权益 2025A 9,321 百万元",fact,['600519.SH'],资产负债表.少数股东权益,"9,321 百万元",2025A,0.9,2026-09-11 14:37:25.518068+00:00,9321,百万元,2026-08-16
895,2026-08-13_174b6462,13,13,虽然纯碱的直接出口比例并不高，仅占约5%，但其下游很多产业均涉及出口,fact,[],纯碱.出口占比,约5%,,0.9,2026-09-11 14:31:08.037454+00:00,,,2026-08-13
896,2026-08-13_174b6462,13,13,国内纯碱的外需占比远不止5%,fact,[],纯碱.外需占比,远不止5%,,0.7,2026-09-11 14:31:08.037454+00:00,,,2026-08-13
897,2026-08-13_174b6462,13,13,纯碱下游需求占比（2025 年）：其他 12.2%,fact,[],纯碱.下游需求占比,12.2%,2025,0.8,2026-09-11 14:31:08.037454+00:00,12.2,%,2026-08-13
915,2026-08-13_174b6462,17,17,银根矿业一期500万吨/年大产能等项目投放，供给增量明显，供需转为过剩,fact,[],纯碱.产能,500万吨/年,2023至今,0.8,2026-09-11 14:33:35.488533+00:00,500,万吨/年,2026-08-13
991,2026-08-16_6f14cc14,3,3,"资产负债表.少数股东权益 2026E 12,484 百万元",forecast,['600519.SH'],资产负债表.少数股东权益,"12,484 百万元",2026E,0.9,2026-09-11 14:37:25.518068+00:00,12484,百万元,2026-08-16
992,2026-08-16_6f14cc14,3,3,"资产负债表.少数股东权益 2027E 15,788 百万元",forecast,['600519.SH'],资产负债表.少数股东权益,"15,788 百万元",2027E,0.9,2026-09-11 14:37:25.518068+00:00,15788,百万元,2026-08-16
993,2026-08-16_6f14cc14,3,3,"资产负债表.少数股东权益 2028E 19,235 百万元",forecast,['600519.SH'],资产负债表.少数股东权益,"19,235 百万元",2028E,0.9,2026-09-11 14:37:25.518068+00:00,19235,百万元,2026-08-16
994,2026-08-16_6f14cc14,3,3,"资产负债表.所有者权益合计 2025A 253,959 百万元",fact,['600519.SH'],资产负债表.所有者权益合计,"253,959 百万元",2025A,0.9,2026-09-11 14:37:25.518068+00:00,253959,百万元,2026-08-16
995,2026-08-16_6f14cc14,3,3,"资产负债表.所有者权益合计 2026E 285,441 百万元",forecast,['600519.SH'],资产负债表.所有者权益合计,"285,441 百万元",2026E,0.9,2026-09-11 14:37:25.518068+00:00,285441,百万元,2026-08-16
996,2026-08-16_6f14cc14,3,3,"资产负债表.所有者权益合计 2027E 313,795 百万元",forecast,['600519.SH'],资产负债表.所有者权益合计,"313,795 百万元",2027E,0.9,2026-09-11 14:37:25.518068+00:00,313795,百万元,2026-08-16
997,2026-08-16_6f14cc14,3,3,"资产负债表.所有者权益合计 2028E 343,283 百万元",forecast,['600519.SH'],资产负债表.所有者权益合计,"343,283 百万元",2028E,0.9,2026-09-11 14:37:25.518068+00:00,343283,百万元,2026-08-16
998,2026-08-16_6f14cc14,3,3,"资产负债表.负债和股东权益 2025A 303,835 百万元",fact,['600519.SH'],资产负债表.负债和股东权益,"303,835 百万元",2025A,0.9,2026-09-11 14:37:25.518068+00:00,303835,百万元,2026-08-16
999,2026-08-16_6f14cc14,3,3,"资产负债表.负债和股东权益 2026E 340,489 百万元",forecast,['600519.SH'],资产负债表.负债和股东权益,"340,489 百万元",2026E,0.9,2026-09-11 14:37:25.518068+00:00,340489,百万元,2026-08-16
1000,2026-08-16_6f14cc14,3,3,"资产负债表.负债和股东权益 2027E 370,276 百万元",forecast,['600519.SH'],资产负债表.负债和股东权益,"370,276 百万元",2027E,0.9,2026-09-11 14:37:25.518068+00:00,370276,百万元,2026-08-16
1001,2026-08-16_6f14cc14,3,3,"资产负债表.负债和股东权益 2028E 399,780 百万元",forecast,['600519.SH'],资产负债表.负债和股东权益,"399,780 百万元",2028E,0.9,2026-09-11 14:37:25.518068+00:00,399780,百万元,2026-08-16
1002,2026-08-16_6f14cc14,3,3,"利润表.营业总收入 2025A 172,054 百万元",fact,['600519.SH'],利润表.营业总收入,"172,054 百万元",2025A,0.9,2026-09-11 14:37:25.518068+00:00,172054,百万元,2026-08-16
1003,2026-08-16_6f14cc14,3,3,"利润表.营业总收入 2026E 178,657 百万元",forecast,['600519.SH'],利润表.营业总收入,"178,657 百万元",2026E,0.9,2026-09-11 14:37:25.518068+00:00,178657,百万元,2026-08-16
1004,2026-08-16_6f14cc14,3,3,"利润表.营业总收入 2027E 186,196 百万元",forecast,['600519.SH'],利润表.营业总收入,"186,196 百万元",2027E,0.9,2026-09-11 14:37:25.518068+00:00,186196,百万元,2026-08-16
1005,2026-08-16_6f14cc14,3,3,"利润表.营业总收入 2028E 194,063 百万元",forecast,['600519.SH'],利润表.营业总收入,"194,063 百万元",2028E,0.9,2026-09-11 14:37:25.518068+00:00,194063,百万元,2026-08-16
1006,2026-08-16_6f14cc14,3,3,"利润表.营业成本 2025A 15,068 百万元",fact,['600519.SH'],利润表.营业成本,"15,068 百万元",2025A,0.9,2026-09-11 14:37:25.518068+00:00,15068,百万元,2026-08-16
1007,2026-08-16_6f14cc14,3,3,"利润表.营业成本 2026E 16,175 百万元",forecast,['600519.SH'],利润表.营业成本,"16,175 百万元",2026E,0.9,2026-09-11 14:37:25.518068+00:00,16175,百万元,2026-08-16
1008,2026-08-16_6f14cc14,3,3,"利润表.营业成本 2027E 16,983 百万元",forecast,['600519.SH'],利润表.营业成本,"16,983 百万元",2027E,0.9,2026-09-11 14:37:25.518068+00:00,16983,百万元,2026-08-16
1042,2026-08-16_7d3ca3b9,5,5,We raise our 2026-30 revenue forecasts by 6-10%（Zhipu）,forecast,[],Zhipu.营收预测,6-10%,2026-2030E,0.9,2026-09-11 14:43:17.988822+00:00,6,-10%,2026-08-16
1043,2026-08-16_7d3ca3b9,5,5,"hike our Dec-26 price target to HK$1,800 from HK$1,600（Zhipu）",forecast,[],Zhipu.目标价,"HK$1,800",2026-12,0.95,2026-09-11 14:43:17.988822+00:00,,,2026-08-16
1044,2026-08-16_7d3ca3b9,5,5,"Zhipu 2026E Revenue（New）5,360 Rmb mn，Old 5,038，% change 6%",forecast,[],Zhipu.营收,"5,360 Rmb mn",2026E,0.9,2026-09-11 14:43:17.988822+00:00,5360,Rmb mn,2026-08-15
1045,2026-08-16_7d3ca3b9,5,5,"Zhipu 2027E Revenue（New）14,992 Rmb mn，Old 13,768，% change 9%",forecast,[],Zhipu.营收,"14,992 Rmb mn",2027E,0.9,2026-09-11 14:43:17.988822+00:00,14992,Rmb mn,2026-08-15
1046,2026-08-16_7d3ca3b9,5,5,"Zhipu 2028E Revenue（New）41,221 Rmb mn，Old 37,672，% change 9%",forecast,[],Zhipu.营收,"41,221 Rmb mn",2028E,0.9,2026-09-11 14:43:17.988822+00:00,41221,Rmb mn,2026-08-15
1047,2026-08-16_7d3ca3b9,5,5,"Zhipu 2029E Revenue（New）111,644 Rmb mn，Old 101,706，% change 10%",forecast,[],Zhipu.营收,"111,644 Rmb mn",2029E,0.9,2026-09-11 14:43:17.988822+00:00,111644,Rmb mn,2026-08-15
1048,2026-08-16_7d3ca3b9,5,5,"Zhipu 2030E Revenue（New）193,132 Rmb mn，Old 175,864，% change 10%",forecast,[],Zhipu.营收,"193,132 Rmb mn",2030E,0.9,2026-09-11 14:43:17.988822+00:00,193132,Rmb mn,2026-08-15
1049,2026-08-16_7d3ca3b9,5,5,"Zhipu Operating profit（New）2026E-2029E 分别为 (5,067) / (5,051) / 26,397 / 60,115 Rmb mn（Old：(5,173) / (5,532) / (569) / 22,085 / 52,249，% change 2% / 9% / 258% / 20% / 15%）",forecast,[],Zhipu.营业利润,"(5,067) / (5,051) / 26,397 / 60,115 Rmb mn",2026-2029E,0.7,2026-09-11 14:43:17.988822+00:00,-5067,"/ (5,051) / 26,397 / 60,115 Rmb mn",2026-08-15
1050,2026-08-16_7d3ca3b9,5,5,"Zhipu 2026E Adjusted net profit（New）(3,498) Rmb mn，Old (3,605)，% change 3%",forecast,[],Zhipu.经调整净利润,"(3,498) Rmb mn",2026E,0.9,2026-09-11 14:43:17.988822+00:00,-3498,Rmb mn,2026-08-15
1051,2026-08-16_7d3ca3b9,5,5,"Zhipu 2027E Adjusted net profit（New）(2,084) Rmb mn，Old (2,566)，% change 19%",forecast,[],Zhipu.经调整净利润,"(2,084) Rmb mn",2027E,0.9,2026-09-11 14:43:17.988822+00:00,-2084,Rmb mn,2026-08-15
898,2026-08-13_174b6462,14,14,纯碱是单价较低的化工品，近年整体在1000-2000 元/吨,fact,[],纯碱.价格,1000-2000 元/吨,,0.9,2026-09-11 14:31:34.863302+00:00,1000,-2000 元/吨,2026-08-13
899,2026-08-13_174b6462,14,14,我国小苏打近年出口占产量比重在30%左右,fact,[],小苏打.出口占比,30%左右,,0.85,2026-09-11 14:31:34.863302+00:00,30,%左右,2026-08-13
900,2026-08-13_174b6462,14,14,我国光伏组件近年出口占比 53.0%、42.4%、40.6%、40.3%,fact,[],光伏组件.出口占比,53.0%、42.4%、40.6%、40.3%,,0.5,2026-09-11 14:31:34.863302+00:00,53.0,%、42.4%、40.6%、40.3%,2026-08-13
916,2026-08-13_174b6462,19,19,一轮景气上行可能持续两年左右，随后进入下行的三到四年阶段,fact,[],化工.景气周期时长,上行约两年，下行三到四年,,0.6,2026-09-11 14:34:06.687130+00:00,,,2026-08-13
917,2026-08-13_174b6462,19,19,化学原料和化学制品制造业利润总额累计同比 2021.06 为 498.4%（因数据过大而未显示）,fact,[],化学原料和化学制品制造业.利润总额累计同比,498.4%,2021-06,0.9,2026-09-11 14:34:06.687130+00:00,498.4,%,2026-08-13
2154,2026-09-06_5afe0912,13,13,打金传奇游戏评分 4.8,fact,[],打金传奇.评分,4.8,,0.85,2026-09-11 17:20:05.412114+00:00,4.8,,2026-09-06
2155,2026-09-06_5afe0912,13,13,模拟地铁游戏评分 4.8,fact,[],模拟地铁.评分,4.8,,0.85,2026-09-11 17:20:05.412114+00:00,4.8,,2026-09-06
1011,2026-08-16_7d3ca3b9,1,1,We raise our 2026-27 revenue forecasts by 6-9%（智谱）,forecast,[],智谱.营收预测,上调 6-9%,2026-27,0.85,2026-09-11 14:38:28.282885+00:00,,,2026-08-16
1012,2026-08-16_7d3ca3b9,1,1,We raise our 2026-27 revenue forecasts by 0-11%（MiniMax）,forecast,[],MiniMax.营收预测,上调 0-11%,2026-27,0.85,2026-09-11 14:38:28.282885+00:00,,,2026-08-16
1013,2026-08-16_7d3ca3b9,1,1,"lift our PTs to HK$1,800（智谱）",forecast,[],智谱.目标价,"HK$1,800",,0.9,2026-09-11 14:38:28.282885+00:00,,,2026-08-16
1014,2026-08-16_7d3ca3b9,1,1,lift our PTs to HK$260（MiniMax）,forecast,[],MiniMax.目标价,HK$260,,0.9,2026-09-11 14:38:28.282885+00:00,,,2026-08-16
1052,2026-08-16_7d3ca3b9,5,5,"Zhipu 2028E Adjusted net profit（New）5,586 Rmb mn，Old 4,120，% change 36%",forecast,[],Zhipu.经调整净利润,"5,586 Rmb mn",2028E,0.9,2026-09-11 14:43:17.988822+00:00,5586,Rmb mn,2026-08-15
1053,2026-08-16_7d3ca3b9,5,5,"Zhipu 2029E Adjusted net profit（New）27,713 Rmb mn，Old 24,264，% change 14%",forecast,[],Zhipu.经调整净利润,"27,713 Rmb mn",2029E,0.9,2026-09-11 14:43:17.988822+00:00,27713,Rmb mn,2026-08-15
1054,2026-08-16_7d3ca3b9,5,5,"Zhipu 2030E Adjusted net profit（New）56,673 Rmb mn，Old 50,380，% change 12%",forecast,[],Zhipu.经调整净利润,"56,673 Rmb mn",2030E,0.9,2026-09-11 14:43:17.988822+00:00,56673,Rmb mn,2026-08-15
2156,2026-09-06_5afe0912,13,13,地下城堡2：黑暗觉醒游戏评分 4.8,fact,[],地下城堡2：黑暗觉醒.评分,4.8,,0.85,2026-09-11 17:20:05.412114+00:00,4.8,,2026-09-06
2157,2026-09-06_5afe0912,13,13,群雄时代-单机三国战棋策略游戏评分 4.6,fact,[],群雄时代.评分,4.6,,0.85,2026-09-11 17:20:05.412114+00:00,4.6,,2026-09-06
2158,2026-09-06_5afe0912,13,13,三角洲行动游戏评分 4.6,fact,[],三角洲行动.评分,4.6,9月4日,0.9,2026-09-11 17:20:05.412114+00:00,4.6,,2026-09-06
2159,2026-09-06_5afe0912,13,13,王者荣耀游戏评分 3.3,fact,[],王者荣耀.评分,3.3,9月4日,0.9,2026-09-11 17:20:05.412114+00:00,3.3,,2026-09-06
2160,2026-09-06_5afe0912,13,13,和平精英游戏评分 4.3,fact,[],和平精英.评分,4.3,9月4日,0.9,2026-09-11 17:20:05.412114+00:00,4.3,,2026-09-06
2161,2026-09-06_5afe0912,13,13,明日方舟游戏评分 4.5,fact,[],明日方舟.评分,4.5,9月4日,0.9,2026-09-11 17:20:05.412114+00:00,4.5,,2026-09-06
2162,2026-09-06_5afe0912,13,13,金铲铲之战游戏评分 4.6,fact,[],金铲铲之战.评分,4.6,9月4日,0.9,2026-09-11 17:20:05.412114+00:00,4.6,,2026-09-06
2163,2026-09-06_5afe0912,13,13,无尽冬日游戏评分 4.8,fact,[],无尽冬日.评分,4.8,9月4日,0.9,2026-09-11 17:20:05.412114+00:00,4.8,,2026-09-06
2164,2026-09-06_5afe0912,13,13,光·遇游戏评分 4.7,fact,[],光·遇.评分,4.7,9月4日,0.9,2026-09-11 17:20:05.412114+00:00,4.7,,2026-09-06
2165,2026-09-06_5afe0912,13,13,无畏契约：源能行动游戏评分 3.2,fact,[],无畏契约：源能行动.评分,3.2,9月4日,0.9,2026-09-11 17:20:05.412114+00:00,3.2,,2026-09-06
2166,2026-09-06_5afe0912,13,13,开心消消乐游戏评分 4.6,fact,[],开心消消乐.评分,4.6,9月4日,0.9,2026-09-11 17:20:05.412114+00:00,4.6,,2026-09-06
2167,2026-09-06_5afe0912,13,13,梦幻西游游戏评分 4.3,fact,[],梦幻西游.评分,4.3,9月4日,0.9,2026-09-11 17:20:05.412114+00:00,4.3,,2026-09-06
2168,2026-09-06_5afe0912,13,13,英雄联盟手游游戏评分 4.5,fact,[],英雄联盟手游.评分,4.5,9月4日,0.9,2026-09-11 17:20:05.412114+00:00,4.5,,2026-09-06
2169,2026-09-06_5afe0912,13,13,捕鱼大作战游戏评分 4.4,fact,[],捕鱼大作战.评分,4.4,9月4日,0.9,2026-09-11 17:20:05.412114+00:00,4.4,,2026-09-06
2170,2026-09-06_5afe0912,13,13,火影忍者游戏评分 4.6,fact,[],火影忍者.评分,4.6,9月4日,0.9,2026-09-11 17:20:05.412114+00:00,4.6,,2026-09-06
2171,2026-09-06_5afe0912,13,13,时尚百货城游戏评分 4.6,fact,[],时尚百货城.评分,4.6,9月4日,0.9,2026-09-11 17:20:05.412114+00:00,4.6,,2026-09-06
2172,2026-09-06_5afe0912,13,13,FC 足球世界-Next 游戏评分 4.6,fact,[],FC足球世界.评分,4.6,9月4日,0.9,2026-09-11 17:20:05.412114+00:00,4.6,,2026-09-06
2173,2026-09-06_5afe0912,13,13,腾讯欢乐斗地主游戏评分 4.7,fact,[],腾讯欢乐斗地主.评分,4.7,9月4日,0.9,2026-09-11 17:20:05.412114+00:00,4.7,,2026-09-06
2174,2026-09-06_5afe0912,13,13,向僵尸开炮游戏评分 4.5,fact,[],向僵尸开炮.评分,4.5,9月4日,0.9,2026-09-11 17:20:05.412114+00:00,4.5,,2026-09-06
2175,2026-09-06_5afe0912,13,13,超自然行动组游戏评分 4.6,fact,[],超自然行动组.评分,4.6,9月4日,0.9,2026-09-11 17:20:05.412114+00:00,4.6,,2026-09-06
2176,2026-09-06_5afe0912,13,13,指尖四川麻将游戏评分 4.5,fact,[],指尖四川麻将.评分,4.5,9月4日,0.9,2026-09-11 17:20:05.412114+00:00,4.5,,2026-09-06
2177,2026-09-06_5afe0912,13,13,蛋仔派对游戏评分 4.3,fact,[],蛋仔派对.评分,4.3,9月4日,0.9,2026-09-11 17:20:05.412114+00:00,4.3,,2026-09-06
2178,2026-09-06_5afe0912,13,13,实况足球游戏评分 4.5,fact,[],实况足球.评分,4.5,9月4日,0.9,2026-09-11 17:20:05.412114+00:00,4.5,,2026-09-06
2179,2026-09-06_5afe0912,13,13,捕鱼大咖游戏评分 4.5,fact,[],捕鱼大咖.评分,4.5,9月4日,0.9,2026-09-11 17:20:05.412114+00:00,4.5,,2026-09-06
2180,2026-09-06_5afe0912,13,13,原神游戏评分 4.3,fact,[],原神.评分,4.3,9月4日,0.9,2026-09-11 17:20:05.412114+00:00,4.3,,2026-09-06
2181,2026-09-06_5afe0912,13,13,暗区突围游戏评分 4.4,fact,[],暗区突围.评分,4.4,9月4日,0.9,2026-09-11 17:20:05.412114+00:00,4.4,,2026-09-06
2182,2026-09-06_5afe0912,13,13,我的花园世界游戏评分 4.1,fact,[],我的花园世界.评分,4.1,9月4日,0.9,2026-09-11 17:20:05.412114+00:00,4.1,,2026-09-06
2183,2026-09-06_5afe0912,13,13,率土之滨游戏评分 4.3,fact,[],率土之滨.评分,4.3,9月4日,0.9,2026-09-11 17:20:05.412114+00:00,4.3,,2026-09-06
2184,2026-09-06_5afe0912,13,13,多乐够级游戏评分 4.2,fact,[],多乐够级.评分,4.2,9月4日,0.9,2026-09-11 17:20:05.412114+00:00,4.2,,2026-09-06
2185,2026-09-06_5afe0912,13,13,奔奔王国游戏评分 4.8,fact,[],奔奔王国.评分,4.8,9月4日,0.9,2026-09-11 17:20:05.412114+00:00,4.8,,2026-09-06
2186,2026-09-06_5afe0912,13,13,途游休闲捕鱼游戏评分 4.3,fact,[],途游休闲捕鱼.评分,4.3,9月4日,0.9,2026-09-11 17:20:05.412114+00:00,4.3,,2026-09-06
901,2026-08-13_174b6462,15,15,MDI 年出口量占产量的比重约为35%,fact,[],MDI.出口占比,约35%,,0.9,2026-09-11 14:32:53.250246+00:00,,,2026-08-13
902,2026-08-13_174b6462,15,15,利安德巴赛尔拟出售欧洲4 家烯烃和聚烯烃资产及相关业务给AEQUITA，截至2026 年6 月，相关资产已完成交割,fact,[],化工.产能退出,4 家,2025-06,0.6,2026-09-11 14:32:53.250246+00:00,4,家,2026-08-13
903,2026-08-13_174b6462,15,15,西湖化学决定停止荷兰佩尔尼斯工厂运营，将关闭15 万吨/年双酚A(BPA)装置,fact,[],双酚A.产能,15 万吨/年,2025-06,0.85,2026-09-11 14:32:53.250246+00:00,15,万吨/年,2026-08-13
788,2026-09-06_793b3967,3,3,失业率预期4.1%,forecast,[],US.UNRATE.consensus,4.1%,2026-08,0.9,2026-09-11 11:22:54.304731+00:00,4.1,%,2026-09-04
904,2026-08-13_174b6462,15,15,西湖化学将关闭10 万吨/年液体环氧树脂装置，并不再重启于2024 年7 月停产的烯丙基氯和环氧氯丙烷装置,fact,[],环氧树脂.产能,10 万吨/年,2025-06,0.85,2026-09-11 14:32:53.250246+00:00,10,万吨/年,2026-08-13
790,2026-09-06_793b3967,3,3,平均时薪同比升3.1%,fact,[],US.AHE.YoY.actual,3.1%,2026-08,0.9,2026-09-11 11:22:54.304731+00:00,3.1,%,2026-09-04
791,2026-09-06_793b3967,3,3,平均时薪预期升3.0%,forecast,[],US.AHE.YoY.consensus,3.0%,2026-08,0.9,2026-09-11 11:22:54.304731+00:00,3.0,%,2026-09-04
792,2026-09-06_793b3967,3,3,平均时薪前值升3.2%,fact,[],US.AHE.YoY.previous,3.2%,2026-07,0.9,2026-09-11 11:22:54.304731+00:00,3.2,%,2026-09-04
808,2026-09-06_793b3967,5,5,市场预期美联储2026 年9 月加息概率超过60%,forecast,[],US.FFR.HIKEPROB.consensus,超过60%,2026-09,0.8,2026-09-11 11:28:58.225828+00:00,,,2026-09-05
809,2026-09-06_793b3967,5,5,2026 年8 月非农就业人口为+16.2 万人,fact,[],US.NFP.actual,+16.2 万人,2026-08,0.9,2026-09-11 11:28:58.225828+00:00,16.2,万人,2026-09-06
810,2026-09-06_793b3967,5,5,高于前值的+5.6 万人,fact,[],US.NFP.previous,+5.6 万人,2026-07,0.9,2026-09-11 11:28:58.225828+00:00,5.6,万人,2026-09-06
811,2026-09-06_793b3967,5,5,商品生产部门新增就业+4.1 万人,fact,[],US.NFP.GOODS.actual,+4.1 万人,2026-08,0.9,2026-09-11 11:28:58.225828+00:00,4.1,万人,2026-09-06
812,2026-09-06_793b3967,5,5,建筑业新增就业+2.2 万人,fact,[],US.NFP.CONSTRUCTION.actual,+2.2 万人,2026-08,0.9,2026-09-11 11:28:58.225828+00:00,2.2,万人,2026-09-06
813,2026-09-06_793b3967,5,5,制造业新增就业+1.6 万人,fact,[],US.NFP.MFG.actual,+1.6 万人,2026-08,0.9,2026-09-11 11:28:58.225828+00:00,1.6,万人,2026-09-06
814,2026-09-06_793b3967,5,5,服务业新增就业回暖，录得+8.6 万人,fact,[],US.NFP.SERVICES.actual,+8.6 万人,2026-08,0.9,2026-09-11 11:28:58.225828+00:00,8.6,万人,2026-09-06
815,2026-09-06_793b3967,5,5,8 月休闲酒店业新增就业+6.2 万人,fact,[],US.NFP.LEISURE.actual,+6.2 万人,2026-08,0.9,2026-09-11 11:28:58.225828+00:00,6.2,万人,2026-09-06
816,2026-09-06_793b3967,5,5,休闲酒店业前值为-2.1 万人,fact,[],US.NFP.LEISURE.previous,-2.1 万人,2026-07,0.9,2026-09-11 11:28:58.225828+00:00,-2.1,万人,2026-09-06
817,2026-09-06_793b3967,5,5,信息业就业再次转负至-2.3 万人,fact,[],US.NFP.INFO.actual,-2.3 万人,2026-08,0.9,2026-09-11 11:28:58.225828+00:00,-2.3,万人,2026-09-06
818,2026-09-06_793b3967,5,5,8 月政府部门新增就业升至+3.5 万人,fact,[],US.NFP.GOV.actual,+3.5 万人,2026-08,0.9,2026-09-11 11:28:58.225828+00:00,3.5,万人,2026-09-06
819,2026-09-06_793b3967,5,5,政府部门新增就业前值为-5.0 万人,fact,[],US.NFP.GOV.previous,-5.0 万人,2026-07,0.9,2026-09-11 11:28:58.225828+00:00,-5.0,万人,2026-09-06
842,2026-09-06_793b3967,4,4,8 月服务业新增就业从前值的+4.2 万人升至+8.6 万人,fact,[],US.NFP.SERVICES.actual,+8.6 万人,2026-08,0.9,2026-09-11 11:38:02.789073+00:00,8.6,万人,2026-09-06
844,2026-09-06_793b3967,4,4,商品生产部门新增就业从前值的+2.9 万人增至+4.1 万人,fact,[],US.NFP.GOODS.actual,+4.1 万人,2026-08,0.9,2026-09-11 11:38:02.789073+00:00,4.1,万人,2026-09-06
846,2026-09-06_793b3967,4,4,8 月休闲酒店业新增就业+6.2 万人,fact,[],US.NFP.LEISURE.actual,+6.2 万人,2026-08,0.9,2026-09-11 11:38:02.789073+00:00,6.2,万人,2026-09-06
847,2026-09-06_793b3967,4,4,8 月政府部门新增就业+3.5 万人,fact,[],US.NFP.GOV.actual,+3.5 万人,2026-08,0.9,2026-09-11 11:38:02.789073+00:00,3.5,万人,2026-09-06
848,2026-09-06_793b3967,4,4,7 月休闲酒店业新增就业-2.1 万人,fact,[],US.NFP.LEISURE.previous,-2.1 万人,2026-07,0.85,2026-09-11 11:38:02.789073+00:00,-2.1,万人,2026-09-06
849,2026-09-06_793b3967,4,4,7 月政府部门新增就业-5.0 万人,fact,[],US.NFP.GOV.previous,-5.0 万人,2026-07,0.85,2026-09-11 11:38:02.789073+00:00,-5.0,万人,2026-09-06
867,2026-09-06_793b3967,6,6,2026 年8 月劳动参与率为61.6%,fact,[],US.LFPR.actual,61.6%,2026-08,0.9,2026-09-11 11:39:17.238100+00:00,61.6,%,2026-09-06
868,2026-09-06_793b3967,6,6,高于前值的61.4%,fact,[],US.LFPR.previous,61.4%,2026-07,0.9,2026-09-11 11:39:17.238100+00:00,61.4,%,2026-09-06
869,2026-09-06_793b3967,6,6,55 岁以上老年群体劳动参与率环比变动+0.3 个百分点,fact,[],US.LFPR.MoM.actual,+0.3 个百分点,2026-08,0.85,2026-09-11 11:39:17.238100+00:00,0.3,个百分点,2026-09-06
870,2026-09-06_793b3967,6,6,2026 年8 月失业率为4.1%（U3 失业率录得4.1%）,fact,[],US.UNRATE.actual,4.1%,2026-08,0.9,2026-09-11 11:39:17.238100+00:00,4.1,%,2026-09-06
871,2026-09-06_793b3967,6,6,失业率持平于前值,fact,[],US.UNRATE.previous,4.1%,2026-07,0.85,2026-09-11 11:39:17.238100+00:00,4.1,%,2026-09-06
872,2026-09-06_793b3967,6,6,2026 年8 月劳动力人口比前值增加了68.3 万人,fact,[],US.LABORFORCE.MoM.actual,+68.3 万人,2026-08,0.9,2026-09-11 11:39:17.238100+00:00,68.3,万人,2026-09-06
2187,2026-09-06_5e305376,2,2,GDP Now 预测美国三季度GDP 增速为4.7%,forecast,[],US.GDP.forecast,4.7%,Q3,0.9,2026-09-11 17:20:31.535944+00:00,4.7,%,2026-09-06
905,2026-08-13_174b6462,15,15,陶氏化学宣布永久关闭三家成本更高、能耗更高的欧洲工厂，分别是德国博伦的乙烯裂解装置、施科保的氯碱和乙烯基资产，以及英国巴里的基础硅氧烷工厂,fact,[],化工.产能退出,三家,2025-07,0.6,2026-09-11 14:32:53.250246+00:00,,,2026-08-13
906,2026-08-13_174b6462,15,15,巴斯夫计划从现在起到2028 年底，在其安特卫普工厂裁员600 人，约占五分之一,fact,[],化工.裁员,600 人,2025-10,0.6,2026-09-11 14:32:53.250246+00:00,600,人,2026-08-13
907,2026-08-13_174b6462,15,15,陶氏于2026 年第一季度末前永久关闭其位于比利时的聚醚多元醇（5.5 万吨/年）工厂,fact,[],聚醚多元醇.产能,5.5 万吨/年,2025-10,0.85,2026-09-11 14:32:53.250246+00:00,5.5,万吨/年,2026-08-13
908,2026-08-13_174b6462,15,15,埃克森美孚关停位于苏格兰莫斯莫兰的费夫乙烯工厂，关停时间较原计划大幅提前，核心乙烯生产产能达83 万吨/年,fact,[],乙烯.产能,83 万吨/年,2026-02,0.85,2026-09-11 14:32:53.250246+00:00,83,万吨/年,2026-08-13
909,2026-08-13_174b6462,15,15,埃克森美孚正式暂停运营其新加坡一处化工制造工厂，核心布局两套蒸汽裂解装置，主打乙烯产品生产，整体年乙烯总产能达190 万吨,fact,[],乙烯.产能,190 万吨,2026-05,0.85,2026-09-11 14:32:53.250246+00:00,190,万吨,2026-08-13
910,2026-08-13_174b6462,15,15,利安德巴赛尔计划在26 年年底前关停其位于意大利布林迪西基地剩余的聚丙烯（PP）装置，约26 万吨/年,fact,[],聚丙烯.产能,约26 万吨/年,2026-06,0.85,2026-09-11 14:32:53.250246+00:00,,,2026-08-13
918,2026-08-13_174b6462,20,20,鲁西化工（000830.SZ）有机硅中间体权益产能/市值 0.10 万吨/(亿元*年),fact,[],有机硅.产能市值比,0.10 万吨/(亿元*年),,0.7,2026-09-11 14:34:54.637394+00:00,0.10,万吨/(亿元*年),2026-08-06
919,2026-08-13_174b6462,20,20,三友化工（600409.SH）纯碱产能/市值 2.13 万吨/(亿元*年),fact,[],纯碱.产能市值比,2.13 万吨/(亿元*年),,0.7,2026-09-11 14:34:54.637394+00:00,2.13,万吨/(亿元*年),2026-08-06
1015,2026-08-16_7d3ca3b9,2,2,Z AI Co Ltd - H (2513 HK) 维持 OW（Overweight）评级,forecast,[],Z AI.评级,OW,,0.9,2026-09-11 14:39:42.756414+00:00,,,2026-08-16
1016,2026-08-16_7d3ca3b9,2,2,"Z AI Co Ltd - H (2513 HK) 目标价由 1,600.00 港元上调至 1,800.00 港元（目标价期限 Dec-26）",forecast,[],Z AI.目标价,"1,800.00 港元",2026-12,0.9,2026-09-11 14:39:42.756414+00:00,1800.00,港元,2026-08-16
1019,2026-08-16_7d3ca3b9,2,2,"Z AI Co Ltd - H (2513 HK) 股价 1,270.00 港元（截至 2026-08-14）",fact,[],Z AI.股价,"1,270.00 港元",,0.9,2026-09-11 14:39:42.756414+00:00,1270.00,港元,2026-08-14
1020,2026-08-16_7d3ca3b9,2,2,MiniMax Group Inc - H (100 HK) 股价 329.00 港元（截至 2026-08-14）,fact,[],MiniMax.股价,329.00 港元,,0.9,2026-09-11 14:39:42.756414+00:00,329.00,港元,2026-08-14
1021,2026-08-16_7d3ca3b9,2,2,"Z AI Co Ltd - H (2513 HK) 市值 39,020 百万美元",fact,[],Z AI.市值,"39,020 百万美元",,0.9,2026-09-11 14:39:42.756414+00:00,39020,百万美元,2026-08-14
1022,2026-08-16_7d3ca3b9,2,2,"MiniMax Group Inc - H (100 HK) 市值 9,566 百万美元",fact,[],MiniMax.市值,"9,566 百万美元",,0.9,2026-09-11 14:39:42.756414+00:00,9566,百万美元,2026-08-14
1057,2026-08-16_7d3ca3b9,5,5,Dec-26 PT HK$260 implies ~12x our US$1bn end-2026E ARR（MiniMax）,forecast,[],MiniMax.ARR,US$1bn,2026E,0.85,2026-09-11 14:43:17.988822+00:00,,,2026-08-16
1062,2026-08-16_7d3ca3b9,8,8,"We maintain OW on Zhipu and raise our Dec-26 PT to HK$1,800 from HK$1,600 (unchanged PT basis of 20x 2030E P/E discounted back at 15% WACC)",forecast,[],智谱.目标价,"HK$1,800（前值 HK$1,600）",2026-12,0.95,2026-09-11 14:47:50.869586+00:00,,,2026-08-16
1063,2026-08-16_7d3ca3b9,8,8,Overweight（维持 OW 评级）,forecast,[],智谱.评级,Overweight,,0.95,2026-09-11 14:47:50.869586+00:00,,,2026-08-16
1064,2026-08-16_7d3ca3b9,8,8,PT implies ~20x our US$5bn 2027E ARR,forecast,[],智谱.ARR,US$5bn,2027,0.85,2026-09-11 14:47:50.869586+00:00,,,2026-08-16
1065,2026-08-16_7d3ca3b9,8,8,"Price (14 Aug 26): HK$1,270.00",fact,[],智谱.股价,"HK$1,270.00",,0.95,2026-09-11 14:47:50.869586+00:00,,,2026-08-14
1066,2026-08-16_7d3ca3b9,8,8,We raise our 2026-30 revenue forecasts by 6-10%,forecast,[],智谱.营收预测,上调 6-10%,2026-2030,0.9,2026-09-11 14:47:50.869586+00:00,,,2026-08-16
1067,2026-08-16_7d3ca3b9,8,8,"Adj. EPS (Rmb) 2025A: H1 (11.09), H2 (9.11), FY (19.95)",fact,[],智谱.调整后EPS,FY -19.95 元,2025,0.9,2026-09-11 14:47:50.869586+00:00,,,2026-08-16
1068,2026-08-16_7d3ca3b9,8,8,"Adj. EPS (Rmb) 2026E: H1 (5.07), H2 (2.66), FY (7.68)",forecast,[],智谱.调整后EPS,FY -7.68 元,2026,0.9,2026-09-11 14:47:50.869586+00:00,,,2026-08-16
1069,2026-08-16_7d3ca3b9,8,8,"Adj. EPS (Rmb) 2027E: H1 (4.34), H2 (0.05), FY (4.39)",forecast,[],智谱.调整后EPS,FY -4.39 元,2027,0.9,2026-09-11 14:47:50.869586+00:00,,,2026-08-16
1074,2026-08-16_7d3ca3b9,10,10,"2030E revenue (Rmb mn) 193,132",forecast,[],智谱AI.营业收入,"193,132 百万元",2030E,0.9,2026-09-11 14:50:55.210319+00:00,193132,百万元,2026-08-16
1075,2026-08-16_7d3ca3b9,10,10,"2030E adjusted net profit (Rmb mn) 56,673",forecast,[],智谱AI.调整后净利润,"56,673 百万元",2030E,0.9,2026-09-11 14:50:55.210319+00:00,56673,百万元,2026-08-16
1076,2026-08-16_7d3ca3b9,10,10,the company's 100%+ revenue CAGR in 2026-30E,forecast,[],智谱AI.营收CAGR,100%+,2026-2030E,0.85,2026-09-11 14:50:55.210319+00:00,100,%+,2026-08-16
1079,2026-08-16_7d3ca3b9,12,12,which implies ~12x our US$1bn end-2026E ARR,forecast,[],MiniMax.预期ARR,US$1bn（约10亿美元，对应约12倍）,2026-12,0.85,2026-09-11 14:53:51.511239+00:00,,,2026-08-16
1080,2026-08-16_7d3ca3b9,12,12,unchanged PT basis of 20x 2030E P/E discounted back at 15% WACC,forecast,[],MiniMax.估值基准,20x 2030E P/E，按 15% WACC 折现,2030,0.8,2026-09-11 14:53:51.511239+00:00,20,x 2030E P/E，按 15% WACC 折现,2026-08-16
1270,2026-09-02_f273e2ca,1,1,油价已突破90美元,fact,[],原油.价格,90 美元,,0.9,2026-09-11 15:30:08.203614+00:00,90,美元,2026-09-02
1271,2026-09-02_f273e2ca,1,1,VIX指数仍控制在16以下,fact,[],VIX.点位,16,,0.9,2026-09-11 15:30:08.203614+00:00,16,,2026-09-02
1295,2026-09-02_f273e2ca,10,10,someone stepped in buying 2000 of the October $90 calls,fact,[],VIK.期权成交量,2000 张（10 月到期 90 美元认购）,,0.85,2026-09-11 15:32:42.800926+00:00,2000,张（10 月到期 90 美元认购）,2026-09-02
1333,2026-09-03_810ef870,5,5,the CEO bought $150m worth,fact,[],insider.buy.amount,$150m,,0.85,2026-09-11 15:40:27.157008+00:00,,,2026-09-03
1334,2026-09-03_810ef870,5,5,this is still well below the $25 level the CEO bought,fact,[],insider.buy.price,25 美元,,0.8,2026-09-11 15:40:27.157008+00:00,25,美元,2026-09-03
1335,2026-09-03_810ef870,5,5,FRVO - I bought 3000 more at 17.30,fact,[],trade.buy.qty,3000 股,,0.9,2026-09-11 15:40:27.157008+00:00,3000,股,2026-09-03
1337,2026-09-03_810ef870,5,5,sold 30 $20 September calls for .50,fact,[],option.call.sell.qty,30 张,,0.9,2026-09-11 15:40:27.157008+00:00,30,张,2026-09-03
920,2026-08-16_6f14cc14,2,2,贵州茅台PE Band：35.9X、31.2X、26.5X、21.8X、17.1X,fact,['600519.SH'],PE,35.9X/31.2X/26.5X/21.8X/17.1X,,0.6,2026-09-11 14:35:31.658771+00:00,35.9,X/31.2X/26.5X/21.8X/17.1X,2026-08-16
921,2026-08-16_6f14cc14,2,2,贵州茅台PB Band：14.0X、11.9X、9.8X、7.7X、5.6X,fact,['600519.SH'],PB,14.0X/11.9X/9.8X/7.7X/5.6X,,0.6,2026-09-11 14:35:31.658771+00:00,14.0,X/11.9X/9.8X/7.7X/5.6X,2026-08-16
2188,2026-09-06_5e305376,3,3,截至9月3日，波罗的海干散货指数上升至3488,fact,[],GLOBAL.BDI.price,3488,09-03,0.85,2026-09-11 17:21:36.721484+00:00,3488,,2026-09-06
2189,2026-09-06_5e305376,3,3,上周联储2026年加息预期下降3bp至35bp,forecast,[],US.FFR.consensus,35bp,2026,0.85,2026-09-11 17:21:36.721484+00:00,35,bp,2026-09-06
1025,2026-08-16_7d3ca3b9,4,4,our US$5bn 2027E ARR（预计 2027 年 ARR 达 50 亿美元）,forecast,[],智谱.ARR,US$5bn（50 亿美元）,2027E,0.9,2026-09-11 14:41:52.094047+00:00,,,2026-08-16
1026,2026-08-16_7d3ca3b9,4,4,GLM-5.2（0-1M）API 定价（Aug-26）：输入 8.00 元、缓存命中输入 2.00 元、输出 28.00 元，与 Jun-26/Jul-26 持平,fact,[],GLM-5.2.API价格,输入 8.00 元 / 缓存命中输入 2.00 元 / 输出 28.00 元,2026-08,0.85,2026-09-11 14:41:52.094047+00:00,,,2026-08-15
1027,2026-08-16_7d3ca3b9,4,4,GLM-5.1（32k+）API 定价（Aug-26）：输入 8.00 元、缓存命中输入 2.00 元、输出 28.00 元,fact,[],GLM-5.1.API价格,输入 8.00 元 / 缓存命中输入 2.00 元 / 输出 28.00 元,2026-08,0.85,2026-09-11 14:41:52.094047+00:00,,,2026-08-15
1028,2026-08-16_7d3ca3b9,4,4,GLM-5-Turbo（32k+）API 定价（Aug-26）：输入 7.00 元、缓存命中输入 1.80 元、输出 26.00 元,fact,[],GLM-5-Turbo.API价格,输入 7.00 元 / 缓存命中输入 1.80 元 / 输出 26.00 元,2026-08,0.85,2026-09-11 14:41:52.094047+00:00,,,2026-08-15
1029,2026-08-16_7d3ca3b9,4,4,GLM-5（32k+）API 定价（Aug-26）：输入 6.00 元、缓存命中输入 1.50 元、输出 22.00 元,fact,[],GLM-5.API价格,输入 6.00 元 / 缓存命中输入 1.50 元 / 输出 22.00 元,2026-08,0.85,2026-09-11 14:41:52.094047+00:00,,,2026-08-15
1030,2026-08-16_7d3ca3b9,4,4,MiniMax M3 Standard（512k-1M）API 定价（Aug-26）：输入 4.20 元、缓存命中输入 0.84 元、输出 16.80 元,fact,[],MiniMax M3 Standard.API价格,输入 4.20 元 / 缓存命中输入 0.84 元 / 输出 16.80 元,2026-08,0.85,2026-09-11 14:41:52.094047+00:00,,,2026-08-15
1031,2026-08-16_7d3ca3b9,4,4,MiniMax M3 Priority（512k-1M）API 定价（Aug-26）：输入 6.30 元、缓存命中输入 1.26 元、输出 25.20 元,fact,[],MiniMax M3 Priority.API价格,输入 6.30 元 / 缓存命中输入 1.26 元 / 输出 25.20 元,2026-08,0.85,2026-09-11 14:41:52.094047+00:00,,,2026-08-15
1032,2026-08-16_7d3ca3b9,4,4,MiniMax M2.7 API 定价（Aug-26）：输入 2.10 元、缓存命中输入 0.42 元、输出 8.40 元,fact,[],MiniMax M2.7.API价格,输入 2.10 元 / 缓存命中输入 0.42 元 / 输出 8.40 元,2026-08,0.85,2026-09-11 14:41:52.094047+00:00,,,2026-08-15
1033,2026-08-16_7d3ca3b9,4,4,MiniMax M2.7 High-Speed API 定价（Aug-26）：输入 4.20 元、缓存命中输入 0.42 元、输出 16.80 元,fact,[],MiniMax M2.7 High-Speed.API价格,输入 4.20 元 / 缓存命中输入 0.42 元 / 输出 16.80 元,2026-08,0.85,2026-09-11 14:41:52.094047+00:00,,,2026-08-15
1034,2026-08-16_7d3ca3b9,4,4,DeepSeek V4 Pro（Peak-hour，1M）Aug-26 定价：输入 9.00 元、缓存命中输入 0.30 元、输出 27.00 元，较 Jun/Jul 的 3.00/0.03/6.00 元上调,fact,[],DeepSeek V4 Pro.API价格,输入 9.00 元 / 缓存命中输入 0.30 元 / 输出 27.00 元,2026-08,0.8,2026-09-11 14:41:52.094047+00:00,,,2026-08-15
1035,2026-08-16_7d3ca3b9,4,4,DeepSeek V4 Pro（1M）Jul-26 定价：输入 4.50 元、缓存命中输入 0.15 元、输出 13.50 元（Jun-26 为 3.00/0.03/6.00 元）,fact,[],DeepSeek V4 Pro.API价格,输入 4.50 元 / 缓存命中输入 0.15 元 / 输出 13.50 元,2026-07,0.7,2026-09-11 14:41:52.094047+00:00,,,2026-08-15
1036,2026-08-16_7d3ca3b9,4,4,DeepSeek V4 Flash（1M）Aug-26 定价：输入 1.50 元、缓存命中输入 0.05 元、输出 4.50 元，较 Jun/Jul 的 1.00/0.02/2.00 元上调,fact,[],DeepSeek V4 Flash.API价格,输入 1.50 元 / 缓存命中输入 0.05 元 / 输出 4.50 元,2026-08,0.8,2026-09-11 14:41:52.094047+00:00,,,2026-08-15
1037,2026-08-16_7d3ca3b9,4,4,Kimi K3 API 定价：输入 20.00 元、缓存命中输入 2.00 元、输出 100.00 元（表内所示两个月份价格相同）,fact,[],Kimi K3.API价格,输入 20.00 元 / 缓存命中输入 2.00 元 / 输出 100.00 元,2026-08,0.7,2026-09-11 14:41:52.094047+00:00,,,2026-08-15
1038,2026-08-16_7d3ca3b9,4,4,Kimi K2.7 Code API 定价（Aug-26）：输入 6.50 元、缓存命中输入 1.30 元、输出 27.00 元,fact,[],Kimi K2.7 Code.API价格,输入 6.50 元 / 缓存命中输入 1.30 元 / 输出 27.00 元,2026-08,0.85,2026-09-11 14:41:52.094047+00:00,,,2026-08-15
1039,2026-08-16_7d3ca3b9,4,4,Kimi K2.7 Code High-Speed API 定价（Aug-26）：输入 13.00 元、缓存命中输入 2.60 元、输出 54.00 元,fact,[],Kimi K2.7 Code High-Speed.API价格,输入 13.00 元 / 缓存命中输入 2.60 元 / 输出 54.00 元,2026-08,0.85,2026-09-11 14:41:52.094047+00:00,,,2026-08-15
1040,2026-08-16_7d3ca3b9,4,4,Kimi K2.6 API 定价（Aug-26）：输入 6.50 元、缓存命中输入 1.10 元、输出 27.00 元,fact,[],Kimi K2.6.API价格,输入 6.50 元 / 缓存命中输入 1.10 元 / 输出 27.00 元,2026-08,0.85,2026-09-11 14:41:52.094047+00:00,,,2026-08-15
1041,2026-08-16_7d3ca3b9,4,4,Kimi K2.5 API 定价（Aug-26）：输入 4.00 元、缓存命中输入 0.70 元、输出 21.00 元,fact,[],Kimi K2.5.API价格,输入 4.00 元 / 缓存命中输入 0.70 元 / 输出 21.00 元,2026-08,0.85,2026-09-11 14:41:52.094047+00:00,,,2026-08-15
1058,2026-08-16_7d3ca3b9,7,7,initiate on Knowledge Atlas and MiniMax at OW,forecast,[],Knowledge Atlas.评级,OW,,0.85,2026-09-11 14:47:01.982245+00:00,,,2026-08-16
2190,2026-09-06_5e305376,3,3,上周美元指数下降至99.2,fact,[],US.DXY.price,99.2,,0.9,2026-09-11 17:21:36.721484+00:00,99.2,,2026-09-06
1060,2026-08-16_7d3ca3b9,7,7,50%+ sell-off overstates impact on Zhipu's ARR trajectory,fact,[],Zhipu.涨跌幅,50%+,,0.6,2026-09-11 14:47:01.982245+00:00,50,%+,2026-08-16
1061,2026-08-16_7d3ca3b9,7,7,retain OW (Zhipu),forecast,[],Zhipu.评级,OW,,0.8,2026-09-11 14:47:01.982245+00:00,,,2026-08-16
1070,2026-08-16_7d3ca3b9,10,10,We rate Z.AI (Zhipu AI) Overweight,forecast,[],智谱AI.评级,Overweight,,0.95,2026-09-11 14:50:55.210319+00:00,,,2026-08-16
1071,2026-08-16_7d3ca3b9,10,10,"Our Dec-26 PT of HK$1,800",forecast,[],智谱AI.目标价,"HK$1,800",2026-12,0.95,2026-09-11 14:50:55.210319+00:00,,,2026-08-16
1072,2026-08-16_7d3ca3b9,10,10,"based on a 20x 2030E P/E, when we expect Zhipu AI to generate normalized earnings",forecast,[],智谱AI.目标PE,20x,2030E,0.9,2026-09-11 14:50:55.210319+00:00,20,x,2026-08-16
1073,2026-08-16_7d3ca3b9,10,10,discounted back using a 15% WACC,forecast,[],智谱AI.WACC,15%,,0.9,2026-09-11 14:50:55.210319+00:00,15,%,2026-08-16
2191,2026-09-06_5e305376,3,3,最新一周AAII看涨情绪上升至2.19%,fact,[],US.AAII_BULLISH,2.19%,,0.85,2026-09-11 17:21:36.721484+00:00,2.19,%,2026-09-06
922,2026-08-16_6f14cc14,3,3,"资产负债表.货币资金 2025A 51,691 百万元",fact,['600519.SH'],资产负债表.货币资金,"51,691 百万元",2025A,0.9,2026-09-11 14:37:25.518068+00:00,51691,百万元,2026-08-16
923,2026-08-16_6f14cc14,3,3,"资产负债表.货币资金 2026E 75,148 百万元",forecast,['600519.SH'],资产负债表.货币资金,"75,148 百万元",2026E,0.9,2026-09-11 14:37:25.518068+00:00,75148,百万元,2026-08-16
924,2026-08-16_6f14cc14,3,3,"资产负债表.货币资金 2027E 95,795 百万元",forecast,['600519.SH'],资产负债表.货币资金,"95,795 百万元",2027E,0.9,2026-09-11 14:37:25.518068+00:00,95795,百万元,2026-08-16
925,2026-08-16_6f14cc14,3,3,"资产负债表.货币资金 2028E 122,152 百万元",forecast,['600519.SH'],资产负债表.货币资金,"122,152 百万元",2028E,0.9,2026-09-11 14:37:25.518068+00:00,122152,百万元,2026-08-16
926,2026-08-16_6f14cc14,3,3,"资产负债表.存货 2025A 61,427 百万元",fact,['600519.SH'],资产负债表.存货,"61,427 百万元",2025A,0.9,2026-09-11 14:37:25.518068+00:00,61427,百万元,2026-08-16
927,2026-08-16_6f14cc14,3,3,"资产负债表.存货 2026E 63,458 百万元",forecast,['600519.SH'],资产负债表.存货,"63,458 百万元",2026E,0.9,2026-09-11 14:37:25.518068+00:00,63458,百万元,2026-08-16
928,2026-08-16_6f14cc14,3,3,"资产负债表.存货 2027E 67,151 百万元",forecast,['600519.SH'],资产负债表.存货,"67,151 百万元",2027E,0.9,2026-09-11 14:37:25.518068+00:00,67151,百万元,2026-08-16
929,2026-08-16_6f14cc14,3,3,"资产负债表.存货 2028E 68,376 百万元",forecast,['600519.SH'],资产负债表.存货,"68,376 百万元",2028E,0.9,2026-09-11 14:37:25.518068+00:00,68376,百万元,2026-08-16
930,2026-08-16_6f14cc14,3,3,"资产负债表.其他流动资产 2025A 139,391 百万元",fact,['600519.SH'],资产负债表.其他流动资产,"139,391 百万元",2025A,0.9,2026-09-11 14:37:25.518068+00:00,139391,百万元,2026-08-16
931,2026-08-16_6f14cc14,3,3,"资产负债表.其他流动资产 2026E 146,171 百万元",forecast,['600519.SH'],资产负债表.其他流动资产,"146,171 百万元",2026E,0.9,2026-09-11 14:37:25.518068+00:00,146171,百万元,2026-08-16
932,2026-08-16_6f14cc14,3,3,"资产负债表.其他流动资产 2027E 146,504 百万元",forecast,['600519.SH'],资产负债表.其他流动资产,"146,504 百万元",2027E,0.9,2026-09-11 14:37:25.518068+00:00,146504,百万元,2026-08-16
933,2026-08-16_6f14cc14,3,3,"资产负债表.其他流动资产 2028E 146,973 百万元",forecast,['600519.SH'],资产负债表.其他流动资产,"146,973 百万元",2028E,0.9,2026-09-11 14:37:25.518068+00:00,146973,百万元,2026-08-16
934,2026-08-16_6f14cc14,3,3,"资产负债表.流动资产合计 2025A 252,519 百万元",fact,['600519.SH'],资产负债表.流动资产合计,"252,519 百万元",2025A,0.9,2026-09-11 14:37:25.518068+00:00,252519,百万元,2026-08-16
935,2026-08-16_6f14cc14,3,3,"资产负债表.流动资产合计 2026E 284,814 百万元",forecast,['600519.SH'],资产负债表.流动资产合计,"284,814 百万元",2026E,0.9,2026-09-11 14:37:25.518068+00:00,284814,百万元,2026-08-16
936,2026-08-16_6f14cc14,3,3,"资产负债表.流动资产合计 2027E 309,488 百万元",forecast,['600519.SH'],资产负债表.流动资产合计,"309,488 百万元",2027E,0.9,2026-09-11 14:37:25.518068+00:00,309488,百万元,2026-08-16
937,2026-08-16_6f14cc14,3,3,"资产负债表.流动资产合计 2028E 337,530 百万元",forecast,['600519.SH'],资产负债表.流动资产合计,"337,530 百万元",2028E,0.9,2026-09-11 14:37:25.518068+00:00,337530,百万元,2026-08-16
938,2026-08-16_6f14cc14,3,3,"资产负债表.固定资产 2025A 22,488 百万元",fact,['600519.SH'],资产负债表.固定资产,"22,488 百万元",2025A,0.9,2026-09-11 14:37:25.518068+00:00,22488,百万元,2026-08-16
939,2026-08-16_6f14cc14,3,3,"资产负债表.固定资产 2026E 23,068 百万元",forecast,['600519.SH'],资产负债表.固定资产,"23,068 百万元",2026E,0.9,2026-09-11 14:37:25.518068+00:00,23068,百万元,2026-08-16
940,2026-08-16_6f14cc14,3,3,"资产负债表.固定资产 2027E 23,499 百万元",forecast,['600519.SH'],资产负债表.固定资产,"23,499 百万元",2027E,0.9,2026-09-11 14:37:25.518068+00:00,23499,百万元,2026-08-16
941,2026-08-16_6f14cc14,3,3,"资产负债表.固定资产 2028E 23,693 百万元",forecast,['600519.SH'],资产负债表.固定资产,"23,693 百万元",2028E,0.9,2026-09-11 14:37:25.518068+00:00,23693,百万元,2026-08-16
942,2026-08-16_6f14cc14,3,3,"资产负债表.在建工程 2025A 2,472 百万元",fact,['600519.SH'],资产负债表.在建工程,"2,472 百万元",2025A,0.9,2026-09-11 14:37:25.518068+00:00,2472,百万元,2026-08-16
943,2026-08-16_6f14cc14,3,3,"资产负债表.在建工程 2026E 6,921 百万元",forecast,['600519.SH'],资产负债表.在建工程,"6,921 百万元",2026E,0.9,2026-09-11 14:37:25.518068+00:00,6921,百万元,2026-08-16
1143,2026-08-31_53c7e300,12,12,多次上涨后又回落20%,fact,[],return,20%,,0.7,2026-09-11 15:11:10.610854+00:00,20,%,2026-08-31
2192,2026-09-06_5e305376,3,3,Market Vane股市看涨情绪下降至77%,fact,[],US.MARKETVANE_BULLISH,77%,,0.85,2026-09-11 17:21:36.721484+00:00,77,%,2026-09-06
2193,2026-09-06_5e305376,3,3,上周布伦特原油上涨7.8%,fact,[],GLOBAL.BRENT.return,7.8%,,0.9,2026-09-11 17:21:36.721484+00:00,7.8,%,2026-09-06
2194,2026-09-06_5e305376,3,3,布伦特原油上涨至96.3美元/桶,fact,[],GLOBAL.BRENT.price,96.3 美元/桶,,0.9,2026-09-11 17:21:36.721484+00:00,96.3,美元/桶,2026-09-06
2195,2026-09-06_5e305376,3,3,上周COMEX黄金期货下跌1.2%,fact,[],GLOBAL.XAU.return,-1.2%,,0.9,2026-09-11 17:21:36.721484+00:00,-1.2,%,2026-09-06
2196,2026-09-06_5e305376,3,3,COMEX黄金期货下跌至4476.60美元/盎司,fact,[],GLOBAL.XAU.price,4476.60 美元/盎司,,0.9,2026-09-11 17:21:36.721484+00:00,4476.60,美元/盎司,2026-09-06
2197,2026-09-06_5e305376,4,4,GDP Now 预测美国三季度GDP 增速为4.7%,forecast,[],US.GDP.Nowcast,4.7%,2026Q3,0.85,2026-09-11 17:22:42.242779+00:00,4.7,%,2026-09-06
2198,2026-09-06_5e305376,4,4,最新一周G10 经济意外指数变化-6.8点,fact,[],GLOBAL.ECONSURPRISE.G10.actual,-6.8点,最新一周,0.75,2026-09-11 17:22:42.242779+00:00,-6.8,点,2026-09-06
2199,2026-09-06_5e305376,4,4,最新一周新兴市场意外指数变化-0.7点,fact,[],GLOBAL.ECONSURPRISE.EM.actual,-0.7点,最新一周,0.75,2026-09-11 17:22:42.242779+00:00,-0.7,点,2026-09-06
2200,2026-09-06_5e305376,4,4,最近一个月G10 经济意外指数变化-3.3点,fact,[],GLOBAL.ECONSURPRISE.G10.actual,-3.3点,最近一个月,0.65,2026-09-11 17:22:42.242779+00:00,-3.3,点,2026-09-06
2201,2026-09-06_5e305376,4,4,最近一个月新兴市场意外指数变化-3.0点,fact,[],GLOBAL.ECONSURPRISE.EM.actual,-3.0点,最近一个月,0.65,2026-09-11 17:22:42.242779+00:00,-3.0,点,2026-09-06
2202,2026-09-06_5e305376,4,4,最新一周美国经济意外指数变化-6.5点,fact,[],US.ECONSURPRISE.actual,-6.5点,最新一周,0.75,2026-09-11 17:22:42.242779+00:00,-6.5,点,2026-09-06
2203,2026-09-06_5e305376,4,4,最新一周日本经济意外指数变化-10.1点,fact,[],JP.ECONSURPRISE.actual,-10.1点,最新一周,0.75,2026-09-11 17:22:42.242779+00:00,-10.1,点,2026-09-06
2204,2026-09-06_5e305376,4,4,最新一周欧洲经济意外指数变化-13.5点,fact,[],EU.ECONSURPRISE.actual,-13.5点,最新一周,0.75,2026-09-11 17:22:42.242779+00:00,-13.5,点,2026-09-06
2205,2026-09-06_5e305376,4,4,最新一周中国经济意外指数变化-1.9点,fact,[],CN.ECONSURPRISE.actual,-1.9点,最新一周,0.75,2026-09-11 17:22:42.242779+00:00,-1.9,点,2026-09-06
2206,2026-09-06_5e305376,4,4,最近一个月美国经济意外指数变化-15.3点,fact,[],US.ECONSURPRISE.actual,-15.3点,最近一个月,0.6,2026-09-11 17:22:42.242779+00:00,-15.3,点,2026-09-06
944,2026-08-16_6f14cc14,3,3,"资产负债表.在建工程 2027E 12,303 百万元",forecast,['600519.SH'],资产负债表.在建工程,"12,303 百万元",2027E,0.9,2026-09-11 14:37:25.518068+00:00,12303,百万元,2026-08-16
794,2026-09-06_793b3967,4,4,高于市场预期的+5.6 万人,forecast,[],US.NFP.consensus,+5.6 万人,2026-08,0.9,2026-09-11 11:28:24.205909+00:00,5.6,万人,2026-09-06
945,2026-08-16_6f14cc14,3,3,"资产负债表.在建工程 2028E 14,100 百万元",forecast,['600519.SH'],资产负债表.在建工程,"14,100 百万元",2028E,0.9,2026-09-11 14:37:25.518068+00:00,14100,百万元,2026-08-16
796,2026-09-06_793b3967,4,4,8 月服务业新增就业升至+8.6 万人,fact,[],US.NFP.SVCS.actual,+8.6 万人,2026-08,0.9,2026-09-11 11:28:24.205909+00:00,8.6,万人,2026-09-06
797,2026-09-06_793b3967,4,4,服务业新增就业前值为+4.2 万人,fact,[],US.NFP.SVCS.previous,+4.2 万人,2026-07,0.85,2026-09-11 11:28:24.205909+00:00,4.2,万人,2026-09-06
946,2026-08-16_6f14cc14,3,3,"资产负债表.无形资产 2025A 8,686 百万元",fact,['600519.SH'],资产负债表.无形资产,"8,686 百万元",2025A,0.9,2026-09-11 14:37:25.518068+00:00,8686,百万元,2026-08-16
799,2026-09-06_793b3967,4,4,商品生产部门新增就业前值为+2.9 万人,fact,[],US.NFP.GOODS.previous,+2.9 万人,2026-07,0.85,2026-09-11 11:28:24.205909+00:00,2.9,万人,2026-09-06
947,2026-08-16_6f14cc14,3,3,"资产负债表.无形资产 2026E 8,042 百万元",forecast,['600519.SH'],资产负债表.无形资产,"8,042 百万元",2026E,0.9,2026-09-11 14:37:25.518068+00:00,8042,百万元,2026-08-16
948,2026-08-16_6f14cc14,3,3,"资产负债表.无形资产 2027E 7,363 百万元",forecast,['600519.SH'],资产负债表.无形资产,"7,363 百万元",2027E,0.9,2026-09-11 14:37:25.518068+00:00,7363,百万元,2026-08-16
949,2026-08-16_6f14cc14,3,3,"资产负债表.无形资产 2028E 6,852 百万元",forecast,['600519.SH'],资产负债表.无形资产,"6,852 百万元",2028E,0.9,2026-09-11 14:37:25.518068+00:00,6852,百万元,2026-08-16
2207,2026-09-06_5e305376,4,4,最近一个月日本经济意外指数变化-38.0点,fact,[],JP.ECONSURPRISE.actual,-38.0点,最近一个月,0.6,2026-09-11 17:22:42.242779+00:00,-38.0,点,2026-09-06
804,2026-09-06_793b3967,4,4,地方政府教育行业新增就业增加4.2 万人,fact,[],US.NFP.GOV.EDU.actual,4.2 万人,2026-08,0.85,2026-09-11 11:28:24.205909+00:00,4.2,万人,2026-09-06
805,2026-09-06_793b3967,4,4,8 月美国服务业PMI 从前值的54.1 升至55.4,fact,[],US.PMI.SVCS.actual,55.4,2026-08,0.9,2026-09-11 11:28:24.205909+00:00,55.4,,2026-09-06
806,2026-09-06_793b3967,4,4,服务业PMI 前值为54.1,fact,[],US.PMI.SVCS.previous,54.1,2026-07,0.85,2026-09-11 11:28:24.205909+00:00,54.1,,2026-09-06
829,2026-09-06_793b3967,3,3,道琼斯工业平均指数较上一交易日变动-0.5%,fact,[],US.DJIA.return,-0.5%,2026-09-04,0.9,2026-09-11 11:37:29.450534+00:00,-0.5,%,2026-09-04
830,2026-09-06_793b3967,3,3,标准普尔500 指数较上一交易日变动-0.4%,fact,[],US.SPX.return,-0.4%,2026-09-04,0.9,2026-09-11 11:37:29.450534+00:00,-0.4,%,2026-09-04
831,2026-09-06_793b3967,3,3,纳斯达克综合指数较上一交易日变动-0.3%,fact,[],US.NDX.return,-0.3%,2026-09-04,0.9,2026-09-11 11:37:29.450534+00:00,-0.3,%,2026-09-04
832,2026-09-06_793b3967,3,3,10 年期美债收益率上行1bp 至4.78%,fact,[],US.UST10Y.yield,4.78%,2026-09-04,0.9,2026-09-11 11:37:29.450534+00:00,4.78,%,2026-09-04
837,2026-09-06_793b3967,3,3,8 月美国服务业PMI 从前值的54.1 升至55.4,fact,[],US.SVPMI.actual,55.4,2026-08,0.85,2026-09-11 11:37:29.450534+00:00,55.4,,2026-09-06
838,2026-09-06_793b3967,3,3,服务业PMI 前值为54.1,fact,[],US.SVPMI.previous,54.1,2026-07,0.85,2026-09-11 11:37:29.450534+00:00,54.1,,2026-09-06
862,2026-09-06_793b3967,5,5,大幅高于前值的-2.1 万人,fact,[],US.NFP.leisure.previous,-2.1 万人,2026-07,0.9,2026-09-11 11:38:31.312950+00:00,-2.1,万人,2026-09-06
864,2026-09-06_793b3967,5,5,8 月政府部门新增就业从前值的-5.0 万人升至+3.5 万人,fact,[],US.NFP.government.actual,+3.5 万人,2026-08,0.9,2026-09-11 11:38:31.312950+00:00,3.5,万人,2026-09-06
866,2026-09-06_793b3967,5,5,地方政府教育行业新增就业4.2 万人,fact,[],US.NFP.localgov.education.actual,4.2 万人,2026-08,0.9,2026-09-11 11:38:31.312950+00:00,4.2,万人,2026-09-06
873,2026-09-06_793b3967,6,6,就业人口增加了56.9 万人,fact,[],US.EMPLOY.MoM.actual,+56.9 万人,2026-08,0.9,2026-09-11 11:39:17.238100+00:00,56.9,万人,2026-09-06
874,2026-09-06_793b3967,6,6,失业人口增加了11.5 万人,fact,[],US.UNEMPLOY.MoM.actual,+11.5 万人,2026-08,0.9,2026-09-11 11:39:17.238100+00:00,11.5,万人,2026-09-06
875,2026-09-06_793b3967,6,6,2026 年8 月U6 失业率录得7.7%,fact,[],US.U6UNRATE.actual,7.7%,2026-08,0.9,2026-09-11 11:39:17.238100+00:00,7.7,%,2026-09-06
876,2026-09-06_793b3967,6,6,U6 失业率低于前值的7.9%,fact,[],US.U6UNRATE.previous,7.9%,2026-07,0.9,2026-09-11 11:39:17.238100+00:00,7.9,%,2026-09-06
877,2026-09-06_793b3967,6,6,8 月暂时性失业者减少8.2 万人,fact,[],US.TEMPUNEMP.MoM.actual,-8.2 万人,2026-08,0.9,2026-09-11 11:39:17.238100+00:00,-8.2,万人,2026-09-06
878,2026-09-06_793b3967,6,6,暂时性失业者前值为增加15.3 万人,fact,[],US.TEMPUNEMP.MoM.previous,+15.3 万人,2026-07,0.9,2026-09-11 11:39:17.238100+00:00,15.3,万人,2026-09-06
879,2026-09-06_793b3967,6,6,永久性失业者增加6.2 万人,fact,[],US.PERMUNEMP.MoM.actual,+6.2 万人,2026-08,0.9,2026-09-11 11:39:17.238100+00:00,6.2,万人,2026-09-06
880,2026-09-06_793b3967,6,6,永久性失业者前值为减少5.4 万人,fact,[],US.PERMUNEMP.MoM.previous,-5.4 万人,2026-07,0.9,2026-09-11 11:39:17.238100+00:00,-5.4,万人,2026-09-06
881,2026-09-06_793b3967,6,6,新进入者减少5.9 万人,fact,[],US.NEWENTRANT.MoM.actual,-5.9 万人,2026-08,0.9,2026-09-11 11:39:17.238100+00:00,-5.9,万人,2026-09-06
882,2026-09-06_793b3967,6,6,新进入者前值为减少1.1 万人,fact,[],US.NEWENTRANT.MoM.previous,-1.1 万人,2026-07,0.9,2026-09-11 11:39:17.238100+00:00,-1.1,万人,2026-09-06
883,2026-09-06_793b3967,6,6,再进入者增加1.4 万人,fact,[],US.REENTRANT.MoM.actual,+1.4 万人,2026-08,0.9,2026-09-11 11:39:17.238100+00:00,1.4,万人,2026-09-06
884,2026-09-06_793b3967,6,6,再进入者前值为减少11.4 万人,fact,[],US.REENTRANT.MoM.previous,-11.4 万人,2026-07,0.9,2026-09-11 11:39:17.238100+00:00,-11.4,万人,2026-09-06
885,2026-08-13_174b6462,6,6,2016 年化工板块涨幅TOP5：海新能科（300072.SZ）涨幅 103.8%,fact,[],化工板块.个股涨幅,103.8%,2016,0.9,2026-09-11 14:22:30.666641+00:00,103.8,%,2026-08-13
886,2026-08-13_174b6462,6,6,2017 年化工板块涨幅TOP5：沧州大化（600230.SH）涨幅 80.3%,fact,[],化工板块.个股涨幅,80.3%,2017,0.9,2026-09-11 14:22:30.666641+00:00,80.3,%,2026-08-13
887,2026-08-13_174b6462,6,6,2018 年化工板块涨幅TOP5：强力新材（300429.SZ）涨幅 31.8%,fact,[],化工板块.个股涨幅,31.8%,2018,0.9,2026-09-11 14:22:30.666641+00:00,31.8,%,2026-08-13
888,2026-08-13_174b6462,6,6,2019 年化工板块涨幅TOP5：航锦科技（000818.SZ）涨幅 119.7%,fact,[],化工板块.个股涨幅,119.7%,2019,0.9,2026-09-11 14:22:30.666641+00:00,119.7,%,2026-08-13
889,2026-08-13_174b6462,6,6,2020 年化工板块涨幅TOP5：三棵树（603737.SH）涨幅 164.4%,fact,[],化工板块.个股涨幅,164.4%,2020,0.9,2026-09-11 14:22:30.666641+00:00,164.4,%,2026-08-13
890,2026-08-13_174b6462,6,6,2021 年化工板块涨幅TOP5：合盛硅业（603260.SH）涨幅 296.5%,fact,[],化工板块.个股涨幅,296.5%,2021,0.9,2026-09-11 14:22:30.666641+00:00,296.5,%,2026-08-13
891,2026-08-13_174b6462,6,6,2022 年化工板块涨幅TOP5：瑞丰新材（300910.SZ）涨幅 57.4%,fact,[],化工板块.个股涨幅,57.4%,2022,0.9,2026-09-11 14:22:30.666641+00:00,57.4,%,2026-08-13
892,2026-08-13_174b6462,6,6,2023 年化工板块涨幅TOP5：双象股份（002395.SZ）涨幅 107.0%,fact,[],化工板块.个股涨幅,107.0%,2023,0.9,2026-09-11 14:22:30.666641+00:00,107.0,%,2026-08-13
950,2026-08-16_6f14cc14,3,3,"资产负债表.其他非流动资产 2025A 17,520 百万元",fact,['600519.SH'],资产负债表.其他非流动资产,"17,520 百万元",2025A,0.9,2026-09-11 14:37:25.518068+00:00,17520,百万元,2026-08-16
951,2026-08-16_6f14cc14,3,3,"资产负债表.其他非流动资产 2026E 17,494 百万元",forecast,['600519.SH'],资产负债表.其他非流动资产,"17,494 百万元",2026E,0.9,2026-09-11 14:37:25.518068+00:00,17494,百万元,2026-08-16
952,2026-08-16_6f14cc14,3,3,"资产负债表.其他非流动资产 2027E 17,473 百万元",forecast,['600519.SH'],资产负债表.其他非流动资产,"17,473 百万元",2027E,0.9,2026-09-11 14:37:25.518068+00:00,17473,百万元,2026-08-16
953,2026-08-16_6f14cc14,3,3,"资产负债表.其他非流动资产 2028E 17,455 百万元",forecast,['600519.SH'],资产负债表.其他非流动资产,"17,455 百万元",2028E,0.9,2026-09-11 14:37:25.518068+00:00,17455,百万元,2026-08-16
954,2026-08-16_6f14cc14,3,3,"资产负债表.非流动资产合计 2025A 51,316 百万元",fact,['600519.SH'],资产负债表.非流动资产合计,"51,316 百万元",2025A,0.9,2026-09-11 14:37:25.518068+00:00,51316,百万元,2026-08-16
955,2026-08-16_6f14cc14,3,3,"资产负债表.非流动资产合计 2026E 55,675 百万元",forecast,['600519.SH'],资产负债表.非流动资产合计,"55,675 百万元",2026E,0.9,2026-09-11 14:37:25.518068+00:00,55675,百万元,2026-08-16
956,2026-08-16_6f14cc14,3,3,"资产负债表.非流动资产合计 2027E 60,788 百万元",forecast,['600519.SH'],资产负债表.非流动资产合计,"60,788 百万元",2027E,0.9,2026-09-11 14:37:25.518068+00:00,60788,百万元,2026-08-16
957,2026-08-16_6f14cc14,3,3,"资产负债表.非流动资产合计 2028E 62,250 百万元",forecast,['600519.SH'],资产负债表.非流动资产合计,"62,250 百万元",2028E,0.9,2026-09-11 14:37:25.518068+00:00,62250,百万元,2026-08-16
958,2026-08-16_6f14cc14,3,3,"资产负债表.资产合计 2025A 303,835 百万元",fact,['600519.SH'],资产负债表.资产合计,"303,835 百万元",2025A,0.9,2026-09-11 14:37:25.518068+00:00,303835,百万元,2026-08-16
959,2026-08-16_6f14cc14,3,3,"资产负债表.资产合计 2026E 340,489 百万元",forecast,['600519.SH'],资产负债表.资产合计,"340,489 百万元",2026E,0.9,2026-09-11 14:37:25.518068+00:00,340489,百万元,2026-08-16
960,2026-08-16_6f14cc14,3,3,"资产负债表.资产合计 2027E 370,276 百万元",forecast,['600519.SH'],资产负债表.资产合计,"370,276 百万元",2027E,0.9,2026-09-11 14:37:25.518068+00:00,370276,百万元,2026-08-16
961,2026-08-16_6f14cc14,3,3,"资产负债表.资产合计 2028E 399,780 百万元",forecast,['600519.SH'],资产负债表.资产合计,"399,780 百万元",2028E,0.9,2026-09-11 14:37:25.518068+00:00,399780,百万元,2026-08-16
962,2026-08-16_6f14cc14,3,3,"资产负债表.应付账款 2025A 4,007 百万元",fact,['600519.SH'],资产负债表.应付账款,"4,007 百万元",2025A,0.9,2026-09-11 14:37:25.518068+00:00,4007,百万元,2026-08-16
963,2026-08-16_6f14cc14,3,3,"资产负债表.应付账款 2026E 4,103 百万元",forecast,['600519.SH'],资产负债表.应付账款,"4,103 百万元",2026E,0.9,2026-09-11 14:37:25.518068+00:00,4103,百万元,2026-08-16
964,2026-08-16_6f14cc14,3,3,"资产负债表.应付账款 2027E 4,384 百万元",forecast,['600519.SH'],资产负债表.应付账款,"4,384 百万元",2027E,0.9,2026-09-11 14:37:25.518068+00:00,4384,百万元,2026-08-16
965,2026-08-16_6f14cc14,3,3,"资产负债表.应付账款 2028E 4,444 百万元",forecast,['600519.SH'],资产负债表.应付账款,"4,444 百万元",2028E,0.9,2026-09-11 14:37:25.518068+00:00,4444,百万元,2026-08-16
966,2026-08-16_6f14cc14,3,3,"资产负债表.合同负债 2025A 8,007 百万元",fact,['600519.SH'],资产负债表.合同负债,"8,007 百万元",2025A,0.9,2026-09-11 14:37:25.518068+00:00,8007,百万元,2026-08-16
1081,2026-08-16_7d3ca3b9,14,14,"We are Neutral on MiniMax (MiniMax Group Inc - H, Neutral)",forecast,[],MiniMax.评级,Neutral,,0.95,2026-09-11 14:57:11.603894+00:00,,,2026-08-16
1082,2026-08-16_7d3ca3b9,14,14,Our Dec-26 PT of HK$260,forecast,[],MiniMax.目标价,HK$260.00,2026-12,0.95,2026-09-11 14:57:11.603894+00:00,,,2026-08-16
1083,2026-08-16_7d3ca3b9,14,14,Our Dec-26 PT of HK$260 is derived from a 20x 2030E P/E,forecast,[],MiniMax.目标市盈率,20x,2030E,0.9,2026-09-11 14:57:11.603894+00:00,20,x,2026-08-16
1084,2026-08-16_7d3ca3b9,14,14,discounted back using a 15% WACC,forecast,[],MiniMax.WACC,15%,,0.9,2026-09-11 14:57:11.603894+00:00,15,%,2026-08-16
1085,2026-08-16_7d3ca3b9,14,14,the company's 100%+ revenue CAGR in 2026-30E,forecast,[],MiniMax.营收CAGR,100%+,2026-2030E,0.85,2026-09-11 14:57:11.603894+00:00,100,%+,2026-08-16
1086,2026-08-16_7d3ca3b9,14,14,"2030E revenue (US$mn) 7,910",forecast,[],MiniMax.营收,"7,910 US$mn",2030E,0.9,2026-09-11 14:57:11.603894+00:00,7910,US$mn,2026-08-16
1087,2026-08-16_7d3ca3b9,14,14,"2030E adjusted net profit (US$mn) 1,027",forecast,[],MiniMax.经调整净利润,"1,027 US$mn",2030E,0.9,2026-09-11 14:57:11.603894+00:00,1027,US$mn,2026-08-16
1088,2026-08-16_7d3ca3b9,14,14,2030E adjusted EPS ($/share) 2.5,forecast,[],MiniMax.经调整EPS,2.5 美元/股,2030E,0.9,2026-09-11 14:57:11.603894+00:00,2.5,美元/股,2026-08-16
1089,2026-08-16_7d3ca3b9,17,17,"03-Mar-26 目标价 1,100 港元",forecast,[],该股.目标价,"1,100 港元",,0.85,2026-09-11 15:01:25.873816+00:00,1100,港元,2026-03-03
1090,2026-08-16_7d3ca3b9,17,17,21-Jul-26 评级 N，股价 193.10 港元,fact,[],该股.评级,N,,0.9,2026-09-11 15:01:25.873816+00:00,,,2026-07-21
1091,2026-08-17_c195233b,2,2,盈利预测调整表.营业收入（百万元） 调整幅度2026E -2.9%,forecast,['600519.SH'],盈利预测调整表.营业收入（百万元）,-2.9%,2026E,0.9,2026-09-11 15:03:23.399110+00:00,-2.9,%,2026-08-16
1092,2026-08-17_c195233b,2,2,盈利预测调整表.营业收入（百万元） 调整幅度2027E -2.4%,forecast,['600519.SH'],盈利预测调整表.营业收入（百万元）,-2.4%,2027E,0.9,2026-09-11 15:03:23.399110+00:00,-2.4,%,2026-08-16
1093,2026-08-17_c195233b,2,2,盈利预测调整表.营业收入（百万元） 调整幅度2028E -1.8%,forecast,['600519.SH'],盈利预测调整表.营业收入（百万元）,-1.8%,2028E,0.9,2026-09-11 15:03:23.399110+00:00,-1.8,%,2026-08-16
1094,2026-08-17_c195233b,2,2,盈利预测调整表.收入同比增速% 调整幅度2026E -2.99pcts,forecast,['600519.SH'],盈利预测调整表.收入同比增速%,-2.99pcts,2026E,0.9,2026-09-11 15:03:23.399110+00:00,-2.99,pcts,2026-08-16
1095,2026-08-17_c195233b,2,2,盈利预测调整表.收入同比增速% 调整幅度2027E 0.55pcts,forecast,['600519.SH'],盈利预测调整表.收入同比增速%,0.55pcts,2027E,0.9,2026-09-11 15:03:23.399110+00:00,0.55,pcts,2026-08-16
1096,2026-08-17_c195233b,2,2,盈利预测调整表.收入同比增速% 调整幅度2028E 0.68pcts,forecast,['600519.SH'],盈利预测调整表.收入同比增速%,0.68pcts,2028E,0.9,2026-09-11 15:03:23.399110+00:00,0.68,pcts,2026-08-16
1097,2026-08-17_c195233b,2,2,盈利预测调整表.毛利率% 调整幅度2026E 0.34pcts,forecast,['600519.SH'],盈利预测调整表.毛利率%,0.34pcts,2026E,0.9,2026-09-11 15:03:23.399110+00:00,0.34,pcts,2026-08-16
1098,2026-08-17_c195233b,2,2,盈利预测调整表.毛利率% 调整幅度2027E 0.65pcts,forecast,['600519.SH'],盈利预测调整表.毛利率%,0.65pcts,2027E,0.9,2026-09-11 15:03:23.399110+00:00,0.65,pcts,2026-08-16
1099,2026-08-17_c195233b,2,2,盈利预测调整表.毛利率% 调整幅度2028E 0.87pcts,forecast,['600519.SH'],盈利预测调整表.毛利率%,0.87pcts,2028E,0.9,2026-09-11 15:03:23.399110+00:00,0.87,pcts,2026-08-16
1100,2026-08-17_c195233b,2,2,盈利预测调整表.销售费用率% 调整幅度2026E -0.02pcts,forecast,['600519.SH'],盈利预测调整表.销售费用率%,-0.02pcts,2026E,0.9,2026-09-11 15:03:23.399110+00:00,-0.02,pcts,2026-08-16
1101,2026-08-17_c195233b,2,2,盈利预测调整表.销售费用率% 调整幅度2027E 0pcts,forecast,['600519.SH'],盈利预测调整表.销售费用率%,0pcts,2027E,0.9,2026-09-11 15:03:23.399110+00:00,0,pcts,2026-08-16
1102,2026-08-17_c195233b,2,2,盈利预测调整表.销售费用率% 调整幅度2028E 0pcts,forecast,['600519.SH'],盈利预测调整表.销售费用率%,0pcts,2028E,0.9,2026-09-11 15:03:23.399110+00:00,0,pcts,2026-08-16
1103,2026-08-17_c195233b,2,2,盈利预测调整表.归母净利润（百万元） 调整幅度2026E -1.9%,forecast,['600519.SH'],盈利预测调整表.归母净利润（百万元）,-1.9%,2026E,0.9,2026-09-11 15:03:23.399110+00:00,-1.9,%,2026-08-16
1104,2026-08-17_c195233b,2,2,盈利预测调整表.归母净利润（百万元） 调整幅度2027E -1.0%,forecast,['600519.SH'],盈利预测调整表.归母净利润（百万元）,-1.0%,2027E,0.9,2026-09-11 15:03:23.399110+00:00,-1.0,%,2026-08-16
1105,2026-08-17_c195233b,2,2,盈利预测调整表.归母净利润（百万元） 调整幅度2028E -0.4%,forecast,['600519.SH'],盈利预测调整表.归母净利润（百万元）,-0.4%,2028E,0.9,2026-09-11 15:03:23.399110+00:00,-0.4,%,2026-08-16
1106,2026-08-17_c195233b,2,2,盈利预测调整表.归母净利润同比增速% 调整幅度2026E -1.95pcts,forecast,['600519.SH'],盈利预测调整表.归母净利润同比增速%,-1.95pcts,2026E,0.9,2026-09-11 15:03:23.399110+00:00,-1.95,pcts,2026-08-16
1107,2026-08-17_c195233b,2,2,盈利预测调整表.归母净利润同比增速% 调整幅度2027E 1.05pcts,forecast,['600519.SH'],盈利预测调整表.归母净利润同比增速%,1.05pcts,2027E,0.9,2026-09-11 15:03:23.399110+00:00,1.05,pcts,2026-08-16
1108,2026-08-17_c195233b,2,2,盈利预测调整表.归母净利润同比增速% 调整幅度2028E 0.59pcts,forecast,['600519.SH'],盈利预测调整表.归母净利润同比增速%,0.59pcts,2028E,0.9,2026-09-11 15:03:23.399110+00:00,0.59,pcts,2026-08-16
1109,2026-08-17_c195233b,2,2,盈利预测调整表.归母净利率% 调整幅度2026E 0.47pcts,forecast,['600519.SH'],盈利预测调整表.归母净利率%,0.47pcts,2026E,0.9,2026-09-11 15:03:23.399110+00:00,0.47,pcts,2026-08-16
1110,2026-08-17_c195233b,2,2,盈利预测调整表.归母净利率% 调整幅度2027E 0.69pcts,forecast,['600519.SH'],盈利预测调整表.归母净利率%,0.69pcts,2027E,0.9,2026-09-11 15:03:23.399110+00:00,0.69,pcts,2026-08-16
1111,2026-08-17_c195233b,2,2,盈利预测调整表.归母净利率% 调整幅度2028E 0.66pcts,forecast,['600519.SH'],盈利预测调整表.归母净利率%,0.66pcts,2028E,0.9,2026-09-11 15:03:23.399110+00:00,0.66,pcts,2026-08-16
1112,2026-08-17_c195233b,2,2,盈利预测调整表.EPS（元） 调整幅度2026E -1.9%,forecast,['600519.SH'],盈利预测调整表.EPS（元）,-1.9%,2026E,0.9,2026-09-11 15:03:23.399110+00:00,-1.9,%,2026-08-16
1144,2026-08-31_53c7e300,12,12,近期已跌至85美元附近,fact,[],price,85美元附近,,0.8,2026-09-11 15:11:10.610854+00:00,85,美元附近,2026-08-31
1113,2026-08-17_c195233b,2,2,盈利预测调整表.EPS（元） 调整幅度2027E -1.0%,forecast,['600519.SH'],盈利预测调整表.EPS（元）,-1.0%,2027E,0.9,2026-09-11 15:03:23.399110+00:00,-1.0,%,2026-08-16
1114,2026-08-17_c195233b,2,2,盈利预测调整表.EPS（元） 调整幅度2028E -0.4%,forecast,['600519.SH'],盈利预测调整表.EPS（元）,-0.4%,2028E,0.9,2026-09-11 15:03:23.399110+00:00,-0.4,%,2026-08-16
1115,2026-08-31_53c7e300,1,1,这是8个交易日内的第6次测试21日指数移动平均线,fact,[],US.SPX.ema21_test_count,8个交易日内的第6次,2026-08-31,0.8,2026-09-11 15:06:10.557460+00:00,8,个交易日内的第6次,2026-08-31
1116,2026-08-31_53c7e300,1,1,市场目前仅比5月高点高出不到1%,fact,[],US.SPX.return,不到1%,2026-08-31,0.8,2026-09-11 15:06:10.557460+00:00,,,2026-08-31
1117,2026-08-31_53c7e300,5,5,"I bought a weekly 500/530 call spread, 100x for $6.44",fact,[],US.MDB.option.price,$6.44,,0.9,2026-09-11 15:07:00.038506+00:00,,,2026-08-31
1118,2026-08-31_53c7e300,5,5,I'm up almost $3m year to date,fact,[],US.PORTFOLIO.PnL.YTD,almost $3m,YTD,0.9,2026-09-11 15:07:00.038506+00:00,,,2026-08-31
1119,2026-08-31_53c7e300,5,5,"taking a $64,000 gamble",fact,[],US.MDB.option.cost,"$64,000",,0.9,2026-09-11 15:07:00.038506+00:00,,,2026-08-31
1120,2026-08-31_53c7e300,5,5,I might make nearly 5x on my outlay this week,forecast,[],US.MDB.option.return,nearly 5x,,0.8,2026-09-11 15:07:00.038506+00:00,,,2026-08-31
1121,2026-08-31_53c7e300,5,5,using under 1% of my book,fact,[],US.PORTFOLIO.weight,under 1%,,0.8,2026-09-11 15:07:00.038506+00:00,,,2026-08-31
1122,2026-08-31_53c7e300,5,5,I did see a big weekly call buy here at 530,fact,[],US.MDB.call.buy,530,,0.8,2026-09-11 15:07:00.038506+00:00,530,,2026-08-31
1123,2026-08-31_53c7e300,5,5,I saw a put sale at 420 in December,fact,[],US.MDB.put.sale,420,,0.8,2026-09-11 15:07:00.038506+00:00,420,,2026-08-31
1124,2026-08-31_53c7e300,5,5,there is a very real possibility these go to $0,forecast,[],US.MDB.option.value,$0,,0.6,2026-09-11 15:07:00.038506+00:00,,,2026-08-31
1125,2026-08-31_53c7e300,6,6,我买入了每周到期的500/530看涨价差，100手，成本6.44美元,fact,[],US.MDB.OPT.CALLSPREAD.price,6.44美元,本周,0.9,2026-09-11 15:08:19.239214+00:00,6.44,美元,2026-08-31
1126,2026-08-31_53c7e300,6,6,确实看到这里有大笔周度看涨期权买入，行权价在530,fact,[],US.MDB.OPT.CALL.strike,530,本周,0.7,2026-09-11 15:08:19.239214+00:00,530,,2026-08-31
1127,2026-08-31_53c7e300,6,6,随后又看到12月420行权价的看跌期权卖出,fact,[],US.MDB.OPT.PUT.strike,420,,0.7,2026-09-11 15:08:19.239214+00:00,420,,2026-08-31
1128,2026-08-31_53c7e300,6,6,我今年迄今已浮盈近300万美元,fact,[],PORTFOLIO.PnL.YTD,近300万美元,YTD,0.8,2026-09-11 15:08:19.239214+00:00,,,2026-08-31
1129,2026-08-31_53c7e300,6,6,拿6.4万美元去赌一把,fact,[],US.MDB.OPT.CALLSPREAD.cost,6.4万美元,本周,0.9,2026-09-11 15:08:19.239214+00:00,6.4,万美元,2026-08-31
1130,2026-08-31_53c7e300,6,6,只用了账本不到1%的资金,fact,[],PORTFOLIO.weight,不到1%,本周,0.85,2026-09-11 15:08:19.239214+00:00,,,2026-08-31
1131,2026-08-31_53c7e300,6,6,如果这个周度看涨期权买家判断正确，我这周可能在本金上赚近5倍,forecast,[],US.MDB.OPT.CALLSPREAD.return,近5倍,本周,0.8,2026-09-11 15:08:19.239214+00:00,,,2026-08-31
1132,2026-08-31_53c7e300,6,6,我希望它们能涨到30万美元，那将是最大收益,forecast,[],US.MDB.OPT.CALLSPREAD.maxgain,30万美元,本周,0.85,2026-09-11 15:08:19.239214+00:00,30,万美元,2026-08-31
1133,2026-08-31_53c7e300,8,8,"卖出10,000份10月9日到期的67美元看跌期权，权利金为0.50美元",fact,[],US.WMB.PUTVOL,"10,000份（权利金0.50美元）",,0.85,2026-09-11 15:08:50.445632+00:00,10000,份（权利金0.50美元）,2026-08-31
1134,2026-08-31_53c7e300,8,8,近期两次测试200日均线（现位于70美元）,fact,[],US.WMB.MA200.price,70美元,,0.85,2026-09-11 15:08:50.445632+00:00,70,美元,2026-08-31
1135,2026-08-31_53c7e300,8,8,今日油价反而上涨3%,fact,[],GLOBAL.OIL.return,3%,,0.8,2026-09-11 15:08:50.445632+00:00,3,%,2026-08-31
1136,2026-08-31_53c7e300,8,8,未来一个月需下跌10%才有被行权风险,fact,[],US.WMB.PUT.threshold,10%,,0.7,2026-09-11 15:08:50.445632+00:00,10,%,2026-08-31
1137,2026-08-31_53c7e300,9,9,CCJ - $80 puts sold for October 2nd 6000x for .50,fact,[],US.CCJ.PUT80.premium,$0.50,,0.8,2026-09-11 15:09:14.117018+00:00,,,2026-08-31
1138,2026-08-31_53c7e300,10,10,"all year, up and then right back down 20% multiple times",fact,[],price.return,20%,2026,0.6,2026-09-11 15:09:51.448334+00:00,20,%,2026-08-31
2208,2026-09-06_5e305376,4,4,最近一个月欧洲经济意外指数变化13.9点,fact,[],EU.ECONSURPRISE.actual,13.9点,最近一个月,0.6,2026-09-11 17:22:42.242779+00:00,13.9,点,2026-09-06
1140,2026-08-31_53c7e300,10,10,if you can get assigned shares of this at 80 on October 2nd,forecast,[],price.strike,80,2026-10-02,0.6,2026-09-11 15:09:51.448334+00:00,80,,2026-08-31
1141,2026-08-31_53c7e300,10,10,at 40% off the 135 highs from early 2026,fact,[],price.high,135,2026H1,0.7,2026-09-11 15:09:51.448334+00:00,135,,2026-08-31
1142,2026-08-31_53c7e300,11,11,10月2日到期的80美元看跌期权，以0.50美元卖出6000份,fact,[],US.CCJ_PUT.price,0.50 美元,10-02,0.85,2026-09-11 15:10:40.132320+00:00,0.50,美元,2026-08-31
2209,2026-09-06_5e305376,4,4,最近一个月中国经济意外指数变化11.0点,fact,[],CN.ECONSURPRISE.actual,11.0点,最近一个月,0.6,2026-09-11 17:22:42.242779+00:00,11.0,点,2026-09-06
1145,2026-08-31_53c7e300,12,12,若能在10月2日以80美元的价格获得该股持仓,forecast,[],price,80美元,2026-10-02,0.7,2026-09-11 15:11:10.610854+00:00,80,美元,2026-08-31
1146,2026-08-31_53c7e300,12,12,2026年初135美元的高点,fact,[],price,135美元,2026年初,0.85,2026-09-11 15:11:10.610854+00:00,135,美元,2026-08-31
1147,2026-08-31_53c7e300,12,12,相较于2026年初135美元的高点有40%的折让,forecast,[],discount,40%,2026-10-02,0.7,2026-09-11 15:11:10.610854+00:00,40,%,2026-08-31
1148,2026-08-31_53c7e300,13,13,"$6 calls in October bought 16,000x",fact,[],US.DPRO.calls.volume,"16,000x",October,0.85,2026-09-11 15:11:48.636047+00:00,16000,x,2026-08-31
2210,2026-09-06_5e305376,5,5,美：彭博经济惊喜指数最新一周变化 0.8 点,fact,[],US.BESI.change,0.8 点,最新一周,0.5,2026-09-11 17:23:22.109137+00:00,0.8,点,2026-09-06
1150,2026-08-31_53c7e300,13,13,First trade I've logged here in 7 months,fact,[],US.DPRO.optflow.gap,7 months,,0.6,2026-09-11 15:11:48.636047+00:00,7,months,2026-08-31
1151,2026-08-31_53c7e300,14,14,this has almost 60% upside before it reaches the highs it was at in June,forecast,[],price.upside,almost 60%,,0.6,2026-09-11 15:12:03.960913+00:00,,,2026-08-31
1152,2026-08-31_53c7e300,14,14,A 6/7.50 call spread the database drew up gives you plenty of upside with a materially lower outlay,forecast,[],price.callspread,6/7.50,,0.5,2026-09-11 15:12:03.960913+00:00,6,/7.50,2026-08-31
1153,2026-08-31_53c7e300,15,15,"10月到期的6美元看涨期权，买入16,000份",fact,[],US.DPRO.call_options,"16,000份",,0.85,2026-09-11 15:12:41.377136+00:00,16000,份,2026-08-31
1154,2026-08-31_53c7e300,15,15,今日该股上涨15%,fact,[],US.DPRO.return,15%,,0.9,2026-09-11 15:12:41.377136+00:00,15,%,2026-08-31
1155,2026-08-31_53c7e300,16,16,触及6月高点前仍有近60%的上涨空间,forecast,[],upside.return,近60%,,0.7,2026-09-11 15:12:56.011418+00:00,,,2026-08-31
1156,2026-08-31_53c7e300,16,16,数据库生成的6/7.50美元看涨价差组合,fact,[],option.callspread.strike,6/7.50美元,,0.8,2026-09-11 15:12:56.011418+00:00,6,/7.50美元,2026-08-31
1157,2026-08-31_53c7e300,18,18,MDB - $530 calls bought 800x expiring friday for 9.84,fact,[],US.MDB.OPTION.CALL,800x @ 9.84（行权价 $530，周五到期）,,0.85,2026-09-11 15:13:21.023041+00:00,800,x @ 9.84（行权价 $530，周五到期）,2026-08-31
1158,2026-08-31_53c7e300,18,18,390 in December 350x for $40,fact,[],US.MDB.OPTION.PUT,350x for $40（行权价 $390，12月到期）,,0.8,2026-09-11 15:13:21.023041+00:00,350,x for $40（行权价 $390，12月到期）,2026-08-31
1159,2026-08-31_53c7e300,20,20,买入800份周五到期、行权价530美元的看涨期权,fact,[],MDB.call.volume,800份,,0.85,2026-09-11 15:14:59.780209+00:00,800,份,2026-08-31
1160,2026-08-31_53c7e300,20,20,行权价530美元的看涨期权（周五到期）,fact,[],MDB.call.strike,530美元,,0.85,2026-09-11 15:14:59.780209+00:00,530,美元,2026-08-31
1161,2026-08-31_53c7e300,20,20,该看涨期权权利金9.84美元,fact,[],MDB.call.premium,9.84美元,,0.85,2026-09-11 15:14:59.780209+00:00,9.84,美元,2026-08-31
1162,2026-08-31_53c7e300,20,20,12月到期、行权价390美元的350份看跌期权卖出,fact,[],MDB.put.sell.volume,350份,,0.85,2026-09-11 15:14:59.780209+00:00,350,份,2026-08-31
1163,2026-08-31_53c7e300,20,20,12月到期、行权价390美元的看跌期权,fact,[],MDB.put.strike,390美元,,0.85,2026-09-11 15:14:59.780209+00:00,390,美元,2026-08-31
1164,2026-08-31_53c7e300,20,20,看跌期权卖出权利金40美元,fact,[],MDB.put.premium,40美元,,0.7,2026-09-11 15:14:59.780209+00:00,40,美元,2026-08-31
1165,2026-09-01_1902c8d5,2,2,全球流动性基本持平于194.9万亿美元,fact,[],GLOBAL.LIQUIDITY.actual,194.9万亿美元,,0.9,2026-09-11 15:15:24.554439+00:00,194.9,万亿美元,2026-09-01
2211,2026-09-06_5e305376,5,5,日：彭博经济惊喜指数最新一周变化 8.5 点,fact,[],JP.BESI.change,8.5 点,最新一周,0.5,2026-09-11 17:23:22.109137+00:00,8.5,点,2026-09-06
2212,2026-09-06_5e305376,5,5,欧：彭博经济惊喜指数最新一周变化 -25.7 点,fact,[],EU.BESI.change,-25.7 点,最新一周,0.5,2026-09-11 17:23:22.109137+00:00,-25.7,点,2026-09-06
1168,2026-09-01_1902c8d5,3,3,3m annualized growth has slowed to 1.8%,fact,[],GLOBAL.LIQUIDITY.SAAR.actual,1.8%,,0.7,2026-09-11 15:15:39.353642+00:00,1.8,%,2026-09-01
1169,2026-09-01_1902c8d5,3,3,Annual growth has slipped to 5.8%,fact,[],GLOBAL.LIQUIDITY.YoY.actual,5.8%,,0.7,2026-09-11 15:15:39.353642+00:00,5.8,%,2026-09-01
1170,2026-09-01_1902c8d5,4,4,三个月年化增长率已放缓至1.8%,fact,[],GLOBAL.LIQGROWTH.3M.SAAR.actual,1.8%,,0.7,2026-09-11 15:15:56.111485+00:00,1.8,%,2026-09-01
1171,2026-09-01_1902c8d5,4,4,年增长率已降至5.8%,fact,[],GLOBAL.LIQGROWTH.YoY.actual,5.8%,,0.7,2026-09-11 15:15:56.111485+00:00,5.8,%,2026-09-01
1172,2026-09-01_1902c8d5,5,5,名义SMB上周微升至109.9万亿美元,fact,[],SMB.actual,109.9万亿美元,上周,0.85,2026-09-11 15:16:44.862105+00:00,109.9,万亿美元,2026-09-01
1173,2026-09-01_1902c8d5,5,5,此前一周为修正后的109.6万亿美元,fact,[],SMB.previous,109.6万亿美元,前一周,0.85,2026-09-11 15:16:44.862105+00:00,109.6,万亿美元,2026-09-01
1174,2026-09-01_1902c8d5,5,5,SMB于2月见顶，超过112万亿美元,fact,[],SMB.actual,超过112万亿美元,2月,0.8,2026-09-11 15:16:44.862105+00:00,,,2026-09-01
1175,2026-09-01_1902c8d5,5,5,年初至今平均略高于110万亿美元,fact,[],SMB.Cum,略高于110万亿美元,年初至今,0.8,2026-09-11 15:16:44.862105+00:00,,,2026-09-01
1176,2026-09-01_1902c8d5,5,5,三个月年化增长率（-1.1%）,fact,[],SMB.SAAR.actual,-1.1%,,0.8,2026-09-11 15:16:44.862105+00:00,-1.1,%,2026-09-01
1177,2026-09-01_1902c8d5,5,5,年增长率（0.2%）,fact,[],SMB.YoY.actual,0.2%,,0.8,2026-09-11 15:16:44.862105+00:00,0.2,%,2026-09-01
1178,2026-09-01_1902c8d5,6,6,处于4月以来70-80区间的下限,fact,[],US.MOVE.price,70-80,,0.85,2026-09-11 15:17:07.379791+00:00,70,-80,2026-09-01
1179,2026-09-01_1902c8d5,6,6,MOVE指数自2022年以来的均值约为100,fact,[],US.MOVE.Avg,约100,2022至今,0.9,2026-09-11 15:17:07.379791+00:00,,,2026-09-01
1180,2026-09-01_1902c8d5,7,7,1.36美元/英镑,fact,[],GLOBAL.FX.GBPUSD.price,1.36 美元/英镑,,0.9,2026-09-11 15:17:48.030438+00:00,1.36,美元/英镑,2026-09-01
1181,2026-09-01_1902c8d5,7,7,6月下旬为1.31美元/英镑,fact,[],GLOBAL.FX.GBPUSD.price.previous,1.31 美元/英镑,6月下旬,0.9,2026-09-11 15:17:48.030438+00:00,1.31,美元/英镑,2026-09-01
1182,2026-09-01_1902c8d5,7,7,1.16美元/欧元,fact,[],GLOBAL.FX.EURUSD.price,1.16 美元/欧元,,0.9,2026-09-11 15:17:48.030438+00:00,1.16,美元/欧元,2026-09-01
1183,2026-09-01_1902c8d5,7,7,6月下旬为1.13美元/欧元,fact,[],GLOBAL.FX.EURUSD.price.previous,1.13 美元/欧元,6月下旬,0.9,2026-09-11 15:17:48.030438+00:00,1.13,美元/欧元,2026-09-01
1184,2026-09-01_1902c8d5,7,7,158.7日元/美元,fact,[],GLOBAL.FX.USDJPY.price,158.7 日元/美元,,0.9,2026-09-11 15:17:48.030438+00:00,158.7,日元/美元,2026-09-01
1185,2026-09-01_1902c8d5,7,7,7月下旬为163.9日元/美元,fact,[],GLOBAL.FX.USDJPY.price.previous,163.9 日元/美元,7月下旬,0.9,2026-09-11 15:17:48.030438+00:00,163.9,日元/美元,2026-09-01
1186,2026-09-01_1902c8d5,7,7,6.72元人民币/美元,fact,[],GLOBAL.FX.USDCNY.price,6.72 元人民币/美元,,0.9,2026-09-11 15:17:48.030438+00:00,6.72,元人民币/美元,2026-09-01
1187,2026-09-01_1902c8d5,7,7,1月为6.99元人民币/美元,fact,[],GLOBAL.FX.USDCNY.price.previous,6.99 元人民币/美元,1月,0.9,2026-09-11 15:17:48.030438+00:00,6.99,元人民币/美元,2026-09-01
1192,2026-09-01_1902c8d5,10,10,四季度流动性收缩引发MSCI世界指数在2026年一季度下跌4%,fact,[],GLOBAL.MSCIWORLD.return,-4%,2026Q1,0.9,2026-09-11 15:18:48.239242+00:00,-4,%,2026-09-01
1193,2026-09-01_1902c8d5,10,10,2.5万亿美元的流动性扩张,fact,[],GLOBAL.LIQUIDITY.actual,2.5万亿美元,2026Q1,0.9,2026-09-11 15:18:48.239242+00:00,2.5,万亿美元,2026-09-01
1194,2026-09-01_1902c8d5,10,10,2.5万亿美元的流动性扩张推动二季度强劲反弹13%,fact,[],GLOBAL.MSCIWORLD.return,13%,2026Q2,0.9,2026-09-11 15:18:48.239242+00:00,13,%,2026-09-01
1195,2026-09-01_1902c8d5,11,11,黄金和比特币对全球流动性（常被描述为货币通胀）的波动同样敏感，滞后期约为三个月,fact,[],GLOBAL.LIQUIDITY.lag,约三个月,,0.7,2026-09-11 15:19:09.339491+00:00,,,2026-09-01
1198,2026-09-01_1902c8d5,12,12,"全球流动性在2025年末放缓——在美国尤为明显。这导致比特币价格在一季度末跌至68,000美元",fact,[],GLOBAL.BTC.price,"68,000美元",2026Q1,0.8,2026-09-11 15:19:30.228992+00:00,68000,美元,2026-09-01
1199,2026-09-01_1902c8d5,12,12,"美联储流动性在一季度扩张，推动比特币价格在5月中旬升至约80,000美元",fact,[],GLOBAL.BTC.price,"约80,000美元",2026-05,0.8,2026-09-11 15:19:30.228992+00:00,,,2026-09-01
1200,2026-09-01_1902c8d5,12,12,"美国流动性在二季度基本持平，比特币价格随之跌至约60,000美元",fact,[],GLOBAL.BTC.price,"约60,000美元",2026Q3,0.8,2026-09-11 15:19:30.228992+00:00,,,2026-09-01
1201,2026-09-01_1902c8d5,12,12,"美联储流动性在7月持续回升，帮助比特币价格重上80,000美元",fact,[],GLOBAL.BTC.price,"80,000美元",2026-07,0.8,2026-09-11 15:19:30.228992+00:00,80000,美元,2026-09-01
1202,2026-09-01_1902c8d5,13,13,"3月触及5,300美元/盎司",fact,[],GLOBAL.XAU.price,"5,300美元/盎司",Q1,0.85,2026-09-11 15:19:49.032210+00:00,5300,美元/盎司,2026-09-01
1203,2026-09-01_1902c8d5,13,13,"金价回落至约4,000美元并在此企稳",fact,[],GLOBAL.XAU.price,"约4,000美元",Q2,0.85,2026-09-11 15:19:49.032210+00:00,,,2026-09-01
1204,2026-09-01_1902c8d5,13,13,"上周触及4,700美元",fact,[],GLOBAL.XAU.price,"4,700美元",Q3,0.85,2026-09-11 15:19:49.032210+00:00,4700,美元,2026-09-01
1205,2026-09-01_1902c8d5,14,14,Investor exposure to global risk assets remains high (+43),fact,[],GLOBAL.RISKEXPOSURE.actual,+43,,0.85,2026-09-11 15:20:08.583380+00:00,43,,2026-09-01
1206,2026-09-01_1902c8d5,14,14,The rotation away from Emerging Markets (+48) towards Developed (+33) continues,fact,[],GLOBAL.EM_EXPOSURE.actual,+48,,0.85,2026-09-11 15:20:08.583380+00:00,48,,2026-09-01
1208,2026-09-01_1902c8d5,15,15,投资者对全球风险资产的敞口仍然偏高（+43）,fact,[],GLOBAL.exposure,+43,,0.9,2026-09-11 15:20:44.408517+00:00,43,,2026-09-01
1209,2026-09-01_1902c8d5,15,15,新兴市场（+48）,fact,[],EM.exposure,+48,,0.9,2026-09-11 15:20:44.408517+00:00,48,,2026-09-01
1210,2026-09-01_1902c8d5,15,15,发达市场（+33）,fact,[],DM.exposure,+33,,0.9,2026-09-11 15:20:44.408517+00:00,33,,2026-09-01
1211,2026-09-01_1902c8d5,15,15,对亚洲新兴市场（+61）的敞口仍然很高，但已从近期峰值回落,fact,[],EM_ASIA.exposure,+61,,0.9,2026-09-11 15:20:44.408517+00:00,61,,2026-09-01
1212,2026-09-01_1902c8d5,15,15,韩国（+58）,fact,[],KR.exposure,+58,,0.9,2026-09-11 15:20:44.408517+00:00,58,,2026-09-01
1213,2026-09-01_1902c8d5,15,15,中国（+41）,fact,[],CN.exposure,+41,,0.9,2026-09-11 15:20:44.408517+00:00,41,,2026-09-01
1214,2026-09-01_1902c8d5,15,15,中东/非洲（+41）正在回升,fact,[],MEA.exposure,+41,,0.9,2026-09-11 15:20:44.408517+00:00,41,,2026-09-01
1215,2026-09-01_1902c8d5,15,15,拉丁美洲（+15）正在回升,fact,[],LATAM.exposure,+15,,0.9,2026-09-11 15:20:44.408517+00:00,15,,2026-09-01
1216,2026-09-01_1902c8d5,15,15,对日本（+56）的敞口呈下行趋势,fact,[],JP.exposure,+56,,0.9,2026-09-11 15:20:44.408517+00:00,56,,2026-09-01
1217,2026-09-01_1902c8d5,15,15,欧元区（+26）正受益于向发达市场的轮动,fact,[],EU.exposure,+26,,0.9,2026-09-11 15:20:44.408517+00:00,26,,2026-09-01
1218,2026-09-01_1902c8d5,15,15,美国（+19）正受益于向发达市场的轮动,fact,[],US.exposure,+19,,0.9,2026-09-11 15:20:44.408517+00:00,19,,2026-09-01
1219,2026-09-01_1902c8d5,15,15,英国（+14）正受益于向发达市场的轮动,fact,[],UK.exposure,+14,,0.9,2026-09-11 15:20:44.408517+00:00,14,,2026-09-01
1220,2026-09-01_1902c8d5,15,15,当前焦点是德国（+27）,fact,[],DE.exposure,+27,,0.9,2026-09-11 15:20:44.408517+00:00,27,,2026-09-01
1221,2026-09-01_1902c8d5,15,15,意大利（+15）也已从中性水平回升,fact,[],IT.exposure,+15,,0.9,2026-09-11 15:20:44.408517+00:00,15,,2026-09-01
1222,2026-09-01_1902c8d5,15,15,法国（-11）三年来一直处于规避风险状态，但近期的复苏似乎正逐渐消退,fact,[],FR.exposure,-11,,0.9,2026-09-11 15:20:44.408517+00:00,-11,,2026-09-01
1223,2026-09-01_605fcb80,1,1,油价又涨了2美元,fact,[],GLOBAL.OIL.return,+2美元,2026-09-01,0.8,2026-09-11 15:21:08.161866+00:00,2,美元,2026-09-01
1224,2026-09-01_605fcb80,1,1,VIX仍低于16,fact,[],US.VIX.price,低于16,2026-09-01,0.85,2026-09-11 15:21:08.161866+00:00,,,2026-09-01
1225,2026-09-01_605fcb80,4,4,过去4年，我的资产从略超100万美元增长到1000万美元,fact,[],PORTFOLIO.value,从略超100万美元增长到1000万美元,过去4年,0.85,2026-09-11 15:21:25.509249+00:00,,,2026-09-01
1226,2026-09-01_605fcb80,4,4,我会建立一个更完整的投资组合，持有20多个仓位并积极交易,forecast,[],PORTFOLIO.positions,20多个仓位,,0.8,2026-09-11 15:21:25.509249+00:00,20,多个仓位,2026-09-01
1227,2026-09-01_605fcb80,5,5,2000 calls on this name nobody ever buys calls on expiring in 3 weeks（2000份看涨期权，三周后到期）,fact,[],CALLS.volume,2000 份,,0.8,2026-09-11 15:21:43.675136+00:00,2000,份,2026-09-01
1228,2026-09-01_605fcb80,5,5,"今天又加了2,000股",fact,[],SHARES.long.add,"2,000 股",,0.9,2026-09-11 15:21:43.675136+00:00,2000,股,2026-09-01
1229,2026-09-01_605fcb80,5,5,该股目前上涨了23%,fact,[],STOCK.return,23%,,0.9,2026-09-11 15:21:43.675136+00:00,23,%,2026-09-01
1230,2026-09-01_605fcb80,7,7,OLLI 风险逆转策略：卖出9月65美元行权价看跌期权，同时买入80美元行权价看涨期权，1250手，净支付1.80美元，押注明日财报,fact,[],US.OLLI.OPTION.risk_reversal,净支付1.80美元，1250手,Sep,0.85,2026-09-11 15:22:44.864552+00:00,,,2026-09-01
1231,2026-09-01_605fcb80,7,7,或许可以在下方卖出65/60美元看跌价差，以限制下行风险,forecast,[],US.OLLI.OPTION.put_spread,65/60 美元,,0.6,2026-09-11 15:22:44.864552+00:00,65,/60 美元,2026-09-01
1232,2026-09-01_605fcb80,7,7,以防该股像近期其他零售商那样真的下跌25%,forecast,[],US.OLLI.price.return,-25%,,0.5,2026-09-11 15:22:44.864552+00:00,-25,%,2026-09-01
1233,2026-09-01_605fcb80,7,7,过去100天股价低于80美元,fact,[],US.OLLI.price,低于80美元,近100日,0.7,2026-09-11 15:22:44.864552+00:00,,,2026-09-01
1234,2026-09-01_605fcb80,7,7,若财报表现强劲，上行空间可至近95美元,forecast,[],US.OLLI.price.target,近95美元,,0.7,2026-09-11 15:22:44.864552+00:00,,,2026-09-01
1235,2026-09-01_605fcb80,8,8,NBIS - $125 puts sold in October 6800x for over $1m in premium,fact,[],NBIS.PUTS.premium,over $1m,October,0.85,2026-09-11 15:23:32.481133+00:00,,,2026-09-01
1236,2026-09-01_605fcb80,8,8,these puts are sold expiring 6 weeks from now,fact,[],NBIS.PUTS.expiry,6 weeks,,0.8,2026-09-11 15:23:32.481133+00:00,6,weeks,2026-09-01
1237,2026-09-01_605fcb80,8,8,nearly 40% lower than it sits right now,fact,[],NBIS.PUTS.otm,nearly 40%,,0.8,2026-09-11 15:23:32.481133+00:00,,,2026-09-01
1238,2026-09-01_605fcb80,8,8,33% off highs,fact,[],NBIS.price.drawdown,33%,,0.85,2026-09-11 15:23:32.481133+00:00,33,%,2026-09-01
1239,2026-09-01_605fcb80,9,9,This name has spent 1 day below the 200 day in 2026,fact,[],200DMA.days_below,1 day,2026,0.8,2026-09-11 15:23:54.533628+00:00,1,day,2026-09-01
1240,2026-09-01_605fcb80,9,9,right now the 200 day is just below 160,fact,[],200DMA.price,just below 160,,0.8,2026-09-11 15:23:54.533628+00:00,,,2026-09-01
1241,2026-09-01_605fcb80,9,9,if assigned you would be in nearly 70% off highs,forecast,[],drawdown.from_highs,nearly 70%,,0.7,2026-09-11 15:23:54.533628+00:00,,,2026-09-01
1242,2026-09-01_605fcb80,9,9,Just a sold trade for 6 weeks,forecast,[],trade.horizon,6 weeks,,0.6,2026-09-11 15:23:54.533628+00:00,6,weeks,2026-09-01
1243,2026-09-01_605fcb80,10,10,10月到期、行权价125美元的看跌期权卖出6800手,fact,[],US.NBIS.put.sell,6800手,2026-10,0.9,2026-09-11 15:24:50.279840+00:00,6800,手,2026-09-01
1244,2026-09-01_605fcb80,10,10,行权价125美元,fact,[],US.NBIS.put.strike,125美元,2026-10,0.9,2026-09-11 15:24:50.279840+00:00,125,美元,2026-09-01
1245,2026-09-01_605fcb80,10,10,权利金收入超过100万美元,fact,[],US.NBIS.put.premium,超过100万美元,2026-10,0.9,2026-09-11 15:24:50.279840+00:00,,,2026-09-01
1246,2026-09-01_605fcb80,10,10,距离到期还有6周,fact,[],US.NBIS.put.time_to_expiry,6周,2026-10,0.85,2026-09-11 15:24:50.279840+00:00,6,周,2026-09-01
1247,2026-09-01_605fcb80,10,10,行权价比当前股价低近40%,fact,[],US.NBIS.put.strike.discount,近40%,,0.9,2026-09-11 15:24:50.279840+00:00,,,2026-09-01
1248,2026-09-01_605fcb80,10,10,当前股价已较历史高点回落33%,fact,[],US.NBIS.price.drawdown,33%,,0.9,2026-09-11 15:24:50.279840+00:00,33,%,2026-09-01
1249,2026-09-01_605fcb80,10,10,该股在2026年仅有1天收盘低于200日均线,fact,[],US.NBIS.days.below.200dma,1天,2026,0.9,2026-09-11 15:24:50.279840+00:00,1,天,2026-09-01
1250,2026-09-01_605fcb80,10,10,目前200日均线略低于160美元,fact,[],US.NBIS.200dma.price,略低于160美元,,0.9,2026-09-11 15:24:50.279840+00:00,,,2026-09-01
1251,2026-09-01_605fcb80,10,10,若被行权，持仓成本将较历史高点低近70%,forecast,[],US.NBIS.costbasis.discount,近70%,,0.85,2026-09-11 15:24:50.279840+00:00,,,2026-09-01
1252,2026-09-01_605fcb80,11,11,$190 calls in January 2028 bought 650x for $12,fact,[],US.OPTION.CALL.price,$12,2028-01,0.85,2026-09-11 15:25:27.765348+00:00,,,2026-09-01
1253,2026-09-01_605fcb80,12,12,sell puts at 120 or lower,forecast,[],US.CF.put.strike,120 美元,,0.7,2026-09-11 15:26:43.132939+00:00,120,美元,2026-09-01
1254,2026-09-01_605fcb80,12,12,That call spread goes from 4.70 to 20 over 190,forecast,[],US.CF.callspread.price,20 美元,2028,0.7,2026-09-11 15:26:43.132939+00:00,20,美元,2026-09-01
1255,2026-09-01_605fcb80,12,12,this player paying $12 per at 190,fact,[],US.CF.call.price,12 美元,,0.6,2026-09-11 15:26:43.132939+00:00,12,美元,2026-09-01
2213,2026-09-06_5e305376,5,5,美：彭博经济惊喜指数最近一个月变化 14.2 点,fact,[],US.BESI.change,14.2 点,最近一个月,0.5,2026-09-11 17:23:22.109137+00:00,14.2,点,2026-09-06
1257,2026-09-01_605fcb80,13,13,2028年1月到期的190美元看涨期权，买入650份，每份12美元,fact,[],US.CF.CALL.price,12美元/份,2028-01,0.85,2026-09-11 15:27:07.813571+00:00,12,美元/份,2026-09-01
1258,2026-09-01_605fcb80,14,14,如果股价能收于141.96上方仅10美元，就可能迎来大幅上涨,forecast,[],US.CF.price,141.96 上方 10 美元,,0.8,2026-09-11 15:27:59.612548+00:00,141.96,上方 10 美元,2026-09-01
1259,2026-09-01_605fcb80,14,14,在120或更低的行权价卖出看跌期权,forecast,[],US.CF.option.put.strike,120 美元,,0.7,2026-09-11 15:27:59.612548+00:00,120,美元,2026-09-01
1260,2026-09-01_605fcb80,14,14,买入2028年170/190看涨期权价差，成本为4.70美元（15.80-11.10）,forecast,[],US.CF.option.callspread.cost,4.70 美元,2028,0.8,2026-09-11 15:27:59.612548+00:00,4.70,美元,2026-09-01
1261,2026-09-01_605fcb80,14,14,该看涨价差在股价超过190时从4.70美元升至20美元,forecast,[],US.CF.option.callspread.value,20 美元,2028,0.7,2026-09-11 15:27:59.612548+00:00,20,美元,2026-09-01
1262,2026-09-01_605fcb80,14,14,这位交易者以190行权价支付12美元的裸看涨期权成本,fact,[],US.CF.option.call.cost,12 美元,,0.8,2026-09-11 15:27:59.612548+00:00,12,美元,2026-09-01
1263,2026-09-01_605fcb80,15,15,$520 calls bought in October 138x,fact,[],US.AGX.CALL.volume,138 contracts,October,0.85,2026-09-11 15:28:27.894781+00:00,138,contracts,2026-09-01
1264,2026-09-01_605fcb80,15,15,for $200k+,fact,[],US.AGX.CALL.premium,$200k+,October,0.85,2026-09-11 15:28:27.894781+00:00,,,2026-09-01
1265,2026-09-01_605fcb80,16,16,this is still up nearly 4x over the last 2 years where it is now,fact,[],return,nearly 4x,,0.8,2026-09-11 15:28:48.111471+00:00,,,2026-09-01
1266,2026-09-01_605fcb80,17,17,10月买入的$520看涨期权，138手,fact,[],US.AGX.CallOptions.volume,138手,,0.85,2026-09-11 15:29:36.232671+00:00,138,手,2026-09-01
1267,2026-09-01_605fcb80,17,17,总价超20万美元,fact,[],US.AGX.CallOptions.notional,超20万美元,,0.85,2026-09-11 15:29:36.232671+00:00,,,2026-09-01
1268,2026-09-01_605fcb80,17,17,该股严重超卖，仅两个月内下跌50%,fact,[],US.AGX.return,下跌50%,,0.85,2026-09-11 15:29:36.232671+00:00,,,2026-09-01
1269,2026-09-01_605fcb80,18,18,该股在AI炒作中确实变得昂贵，目前仍较两年前上涨近4倍,fact,[],US.STOCK.return,近4倍,近两年,0.7,2026-09-11 15:29:52.777131+00:00,,,2026-09-01
1272,2026-09-02_f273e2ca,4,4,"EXE - I sold 10,000 of the 15,000 shares I held for a $1.20 gain",fact,[],EXE.卖出股数,"10,000 股",,0.9,2026-09-11 15:30:51.963991+00:00,10000,股,2026-09-02
2214,2026-09-06_5e305376,5,5,日：彭博经济惊喜指数最近一个月变化 3.5 点,fact,[],JP.BESI.change,3.5 点,最近一个月,0.5,2026-09-11 17:23:22.109137+00:00,3.5,点,2026-09-06
1279,2026-09-02_f273e2ca,4,4,FRVO - I rolled my $25 short calls from yesterday down to $20 in September for .37 credit,fact,[],FRVO.看涨期权权利金,0.37,,0.85,2026-09-11 15:30:51.963991+00:00,0.37,,2026-09-02
1280,2026-09-02_f273e2ca,5,5,"EXE——我卖出了持有的15,000股中的10,000股，获利1.20美元",fact,[],EXE.获利,1.20美元,,0.9,2026-09-11 15:31:49.063249+00:00,1.20,美元,2026-09-02
1281,2026-09-02_f273e2ca,5,5,"EQPT——在17.75价位又买入10,000股，加仓该头寸",fact,[],EQPT.买入价,17.75,,0.9,2026-09-11 15:31:49.063249+00:00,17.75,,2026-09-02
1282,2026-09-02_f273e2ca,5,5,"RDDT——以154.21买入2,500股",fact,[],RDDT.买入价,154.21,,0.9,2026-09-11 15:31:49.063249+00:00,154.21,,2026-09-02
1283,2026-09-02_f273e2ca,5,5,RDDT——以0.52卖出25份165美元的当周看涨期权,fact,[],RDDT.看涨期权权利金,0.52,,0.9,2026-09-11 15:31:49.063249+00:00,0.52,,2026-09-02
1284,2026-09-02_f273e2ca,5,5,"NVDA——以223.02买入2,500股",fact,[],NVDA.买入价,223.02,,0.9,2026-09-11 15:31:49.063249+00:00,223.02,,2026-09-02
1285,2026-09-02_f273e2ca,5,5,NVDA——以0.27卖出25份周五到期、行权价232.50的看涨期权,fact,[],NVDA.看涨期权权利金,0.27,,0.9,2026-09-11 15:31:49.063249+00:00,0.27,,2026-09-02
1286,2026-09-02_f273e2ca,5,5,CF——以2.06卖出开仓100份12月到期、行权价105的看跌期权,fact,[],CF.看跌期权权利金,2.06,,0.9,2026-09-11 15:31:49.063249+00:00,2.06,,2026-09-02
1287,2026-09-02_f273e2ca,5,5,FRVO——将昨日卖出的25美元看涨期权向下滚动至9月到期、行权价20美元，获得0.37的信用收入，合约数量为120份,fact,[],FRVO.期权信用收入,0.37,,0.9,2026-09-11 15:31:49.063249+00:00,0.37,,2026-09-02
1288,2026-09-02_f273e2ca,5,5,如果英特尔从现在到那时能跌破80美元，那这一年可能会变得极为出色,forecast,[],INTC.价格,80美元,,0.6,2026-09-11 15:31:49.063249+00:00,80,美元,2026-09-02
1289,2026-09-02_f273e2ca,7,7,买入400份2028年1月到期、行权价370美元的LNG看涨期权,fact,[],LNG.看涨期权买入量,400份,,0.85,2026-09-11 15:32:19.546709+00:00,400,份,2026-09-02
1290,2026-09-02_f273e2ca,7,7,针对10月到期，卖出270/260看跌价差，买入300/320看涨价差，成本为每份3.79美元,fact,[],LNG.期权策略成本,3.79美元/份,,0.8,2026-09-11 15:32:19.546709+00:00,3.79,美元/份,2026-09-02
1291,2026-09-02_f273e2ca,7,7,若股价突破320美元，上行空间可达每份16.21美元,forecast,[],LNG.期权策略最大收益,16.21美元/份,,0.7,2026-09-11 15:32:19.546709+00:00,16.21,美元/份,2026-09-02
1292,2026-09-02_f273e2ca,7,7,最坏情况下，仅需在303.79美元处即可保本,fact,[],LNG.期权策略保本点,303.79美元,,0.75,2026-09-11 15:32:19.546709+00:00,303.79,美元,2026-09-02
1293,2026-09-02_f273e2ca,7,7,LNG现价在296美元以上,fact,[],LNG.价格,296美元以上,,0.85,2026-09-11 15:32:19.546709+00:00,296,美元以上,2026-09-02
1297,2026-09-02_f273e2ca,12,12,10月到期的90美元看涨期权，买入2000份，价格2.95,fact,[],VIK.期权价格,2.95,,0.9,2026-09-11 15:33:11.706836+00:00,2.95,,2026-09-02
1298,2026-09-02_f273e2ca,12,12,股价回调近30%,fact,[],VIK.涨跌幅,近30%,,0.85,2026-09-11 15:33:11.706836+00:00,,,2026-09-02
1299,2026-09-02_f273e2ca,12,12,可以将其构建为90/95美元看涨价差,forecast,[],VIK.期权策略,90/95美元,,0.6,2026-09-11 15:33:11.706836+00:00,90,/95美元,2026-09-02
1300,2026-09-02_f273e2ca,12,12,再次买入需支付85美元出头,fact,[],VIK.价格,85美元出头,,0.8,2026-09-11 15:33:11.706836+00:00,85,美元出头,2026-09-02
1301,2026-09-02_f273e2ca,13,13,RGA - $270 calls bought 450x for May for $13.50,fact,[],RGA.看涨期权成交量,450 手,,0.7,2026-09-11 15:34:04.017640+00:00,450,手,2026-09-02
1302,2026-09-02_f273e2ca,14,14,if you think these are expensive at 13.50,fact,[],该股.价格,13.50,,0.6,2026-09-11 15:34:16.046927+00:00,13.50,,2026-09-02
1303,2026-09-02_f273e2ca,14,14,you can use the 250/270 call spread,forecast,[],该股.期权行权价,250/270 call spread,,0.6,2026-09-11 15:34:16.046927+00:00,250,/270 call spread,2026-09-02
1304,2026-09-02_f273e2ca,14,14,gives you an over 100% return just by getting to 270,forecast,[],该股.期权收益率,over 100%,,0.6,2026-09-11 15:34:16.046927+00:00,,,2026-09-02
1305,2026-09-02_f273e2ca,15,15,买入5月到期、行权价270美元的看涨期权450手，权利金13.50美元,forecast,[],RGA.看涨期权买入量,450手,,0.85,2026-09-11 15:34:53.598260+00:00,450,手,2026-09-02
1306,2026-09-02_f273e2ca,16,16,13.50美元的权利金,fact,[],该股.期权权利金,13.50美元,,0.7,2026-09-11 15:35:13.543024+00:00,13.50,美元,2026-09-02
1307,2026-09-02_f273e2ca,16,16,可采用数据库下方绘制的250/270美元看涨价差策略,fact,[],该股.看涨价差行权价,250/270美元,,0.6,2026-09-11 15:35:13.543024+00:00,250,/270美元,2026-09-02
1308,2026-09-02_f273e2ca,16,16,仅需股价触及270美元即可获得超100%的回报,forecast,[],该股.策略回报,超100%,,0.7,2026-09-11 15:35:13.543024+00:00,,,2026-09-02
1309,2026-09-02_f273e2ca,18,18,EQPT - $20/25 call spread bought in October 1450x,fact,[],EQPT.期权成交量,1450x,,0.85,2026-09-11 15:35:46.412961+00:00,1450,x,2026-09-02
1310,2026-09-02_f273e2ca,18,18,right now it is up 6% today,fact,[],EQPT.涨跌幅,6%,,0.9,2026-09-11 15:35:46.412961+00:00,6,%,2026-09-02
1312,2026-09-02_f273e2ca,18,18,I think at 17.xx its best to buy shares and swing this vs calls,forecast,[],EQPT.建议买入价,17.xx 美元,,0.6,2026-09-11 15:35:46.412961+00:00,17,.xx 美元,2026-09-02
1313,2026-09-02_f273e2ca,20,20,10月买入的20/25美元看涨价差，1450倍,fact,[],EQPT.看涨价差收益,1450倍,,0.8,2026-09-11 15:36:12.187327+00:00,1450,倍,2026-09-02
1314,2026-09-02_f273e2ca,20,20,1月未平仓合约中仍有巨量15/45看涨价差，目前今日上涨6%,fact,[],EQPT.看涨价差涨幅,6%,,0.8,2026-09-11 15:36:12.187327+00:00,6,%,2026-09-02
1315,2026-09-02_f273e2ca,20,20,近期也有内部人士在18.64美元买入,fact,[],EQPT.内部人买入价,18.64美元,,0.8,2026-09-11 15:36:12.187327+00:00,18.64,美元,2026-09-02
1321,2026-09-03_810ef870,1,1,near 5% rates,fact,[],US.FFR.actual,接近5%,2026-09-03,0.5,2026-09-11 15:38:38.120972+00:00,,,2026-09-03
1322,2026-09-03_810ef870,1,1,oil continuing to go up everyday at $92+ now,fact,[],GLOBAL.OIL.price,$92+,2026-09-03,0.8,2026-09-11 15:38:38.120972+00:00,,,2026-09-03
1324,2026-09-03_810ef870,1,1,I'd like to see a move over the $775.30 highs from 5 sessions back,fact,[],US.SPY.price,$775.30,2026-08-27,0.7,2026-09-11 15:38:38.120972+00:00,,,2026-09-03
1325,2026-09-03_810ef870,1,1,they has a monster guide up to $30 in 2028 EPS,forecast,[],US.AVGO.EPS.guide,$30,2028,0.8,2026-09-11 15:38:38.120972+00:00,,,2026-09-03
1326,2026-09-03_810ef870,1,1,the stock is down 6%,fact,[],US.AVGO.return,-6%,2026-09-03,0.9,2026-09-11 15:38:38.120972+00:00,-6,%,2026-09-03
1316,2026-09-02_f273e2ca,20,20,我认为在17美元出头时，买入股票并波段操作优于买入可能流动性不足的看涨期权,forecast,[],EQPT.买入价位,17美元出头,,0.6,2026-09-11 15:36:12.187327+00:00,17,美元出头,2026-09-02
1317,2026-09-02_f273e2ca,21,21,LXU - $12.50 calls in January bought 2000x for $1+,fact,[],LXU.期权成交量,2000x,,0.85,2026-09-11 15:36:59.676514+00:00,2000,x,2026-09-02
1319,2026-09-02_f273e2ca,23,23,买入2000份1月到期、行权价12.50美元的看涨期权，每份价格1美元以上,forecast,[],LXU.看涨期权买入,2000份，行权价12.50美元，每份价格1美元以上,,0.85,2026-09-11 15:37:57.004635+00:00,2000,份，行权价12.50美元，每份价格1美元以上,2026-09-02
1320,2026-09-02_f273e2ca,23,23,目前正试图突破200日均线,fact,[],LXU.技术形态,200日均线,,0.6,2026-09-11 15:37:57.004635+00:00,200,日均线,2026-09-02
2215,2026-09-06_5e305376,5,5,欧：彭博经济惊喜指数最近一个月变化 -12.7 点,fact,[],EU.BESI.change,-12.7 点,最近一个月,0.5,2026-09-11 17:23:22.109137+00:00,-12.7,点,2026-09-06
1327,2026-09-03_810ef870,1,1,the stock is currently trading just over 10x those estimates,fact,[],US.AVGO.PE,略高于10倍,2026-09-03,0.8,2026-09-11 15:38:38.120972+00:00,,,2026-09-03
1328,2026-09-03_810ef870,2,2,90美元这个油价水平正是此前达成协议的位置,fact,[],GLOBAL.OIL.price,90美元,,0.7,2026-09-11 15:39:17.314769+00:00,90,美元,2026-09-03
1329,2026-09-03_810ef870,2,2,我希望看到价格突破5个交易日前的775.30美元高点,forecast,[],GLOBAL.ASSET.price,775.30美元,,0.6,2026-09-11 15:39:17.314769+00:00,775.30,美元,2026-09-03
1330,2026-09-03_810ef870,2,2,该公司给出了2028年每股收益高达30美元的强劲指引,forecast,[],US.AVGO.EPS.guidance,30美元,2028,0.9,2026-09-11 15:39:17.314769+00:00,30,美元,2026-09-03
1331,2026-09-03_810ef870,2,2,股价却下跌了6%,fact,[],US.AVGO.return,-6%,,0.85,2026-09-11 15:39:17.314769+00:00,-6,%,2026-09-03
1332,2026-09-03_810ef870,2,2,目前该股交易价格仅略高于这些预期的10倍,fact,[],US.AVGO.PE,10倍,,0.8,2026-09-11 15:39:17.314769+00:00,10,倍,2026-09-03
2216,2026-09-06_5e305376,6,6,Redbook 零售指数小幅上升至8.7%,fact,[],US.REDBOOK.YoY.actual,8.7%,,0.7,2026-09-11 17:23:39.900810+00:00,8.7,%,2026-09-06
2217,2026-09-06_5e305376,6,6,亚特兰大联储对三季度实际个人消费Nowcast 为3.8%,forecast,[],US.PCE.Nowcast,3.8%,2026Q3,0.8,2026-09-11 17:23:39.900810+00:00,3.8,%,2026-09-06
1340,2026-09-03_810ef870,5,5,MDT - I sold 50 puts at $90 for next week for .47,fact,[],option.put.sell.qty,50 张,,0.9,2026-09-11 15:40:27.157008+00:00,50,张,2026-09-03
1343,2026-09-03_810ef870,5,5,AGX - It caught a $50+ pop on earnings,fact,[],price.change,$50+,,0.85,2026-09-11 15:40:27.157008+00:00,,,2026-09-03
1344,2026-09-03_810ef870,5,5,AGX - I liquidated my stake at 447,fact,[],trade.sell.price,447 美元,,0.9,2026-09-11 15:40:27.157008+00:00,447,美元,2026-09-03
1345,2026-09-03_810ef870,6,6,"TTD——我在14.76美元加仓10,000股",fact,[],TTD.加仓价,14.76美元,,0.9,2026-09-11 15:41:06.104396+00:00,14.76,美元,2026-09-03
1346,2026-09-03_810ef870,6,6,以0.16美元卖出100份本周五到期的15美元看涨期权,fact,[],TTD.看涨期权权利金,0.16美元,,0.9,2026-09-11 15:41:06.104396+00:00,0.16,美元,2026-09-03
1347,2026-09-03_810ef870,6,6,这仍远低于CEO以1.5亿美元买入的25美元价位,fact,[],TTD.CEO买入价,25美元,,0.9,2026-09-11 15:41:06.104396+00:00,25,美元,2026-09-03
1348,2026-09-03_810ef870,6,6,"FRVO——本周与谷歌达成合作后，我在17.30美元再买入3,000股",fact,[],FRVO.买入价,17.30美元,,0.9,2026-09-11 15:41:06.104396+00:00,17.30,美元,2026-09-03
1349,2026-09-03_810ef870,6,6,以0.50美元卖出30份9月到期的20美元看涨期权,fact,[],FRVO.看涨期权权利金,0.50美元,,0.9,2026-09-11 15:41:06.104396+00:00,0.50,美元,2026-09-03
1350,2026-09-03_810ef870,6,6,MDT——我以0.47美元卖出50份下周到期、行权价为90美元的看跌期权,fact,[],MDT.看跌期权权利金,0.47美元,,0.9,2026-09-11 15:41:06.104396+00:00,0.47,美元,2026-09-03
1351,2026-09-03_810ef870,6,6,我在447美元附近平掉了全部持仓,fact,[],AGX.平仓价,447美元,,0.9,2026-09-11 15:41:06.104396+00:00,447,美元,2026-09-03
1352,2026-09-03_810ef870,6,6,该股因财报一度大涨逾50美元,fact,[],AGX.涨幅,逾50美元,,0.85,2026-09-11 15:41:06.104396+00:00,,,2026-09-03
1353,2026-09-03_810ef870,7,7,AVGO - $290 puts sold in November 7000x for 4.28,fact,[],US.AVGO.PUT.premium,4.28,2025-11,0.75,2026-09-11 15:41:44.617677+00:00,4.28,,2026-09-03
1354,2026-09-03_810ef870,7,7,this time the 100 week is at 300,fact,[],US.AVGO.MA100W.price,300,,0.8,2026-09-11 15:41:44.617677+00:00,300,,2026-09-03
1355,2026-09-03_810ef870,7,7,The consensus analyst target is well over $500,forecast,[],US.AVGO.TARGETPRICE.consensus,well over $500,,0.85,2026-09-11 15:41:44.617677+00:00,,,2026-09-03
1356,2026-09-03_810ef870,8,8,11月卖出$290行权价看跌期权，7000张，权利金4.28,fact,[],AVGO.PUT.sell,行权价$290，7000张，权利金4.28,2025-11,0.85,2026-09-11 15:42:14.792915+00:00,,,2026-09-03
1357,2026-09-03_810ef870,8,8,这一次100周均线位于300,fact,[],AVGO.MA100W.price,300,,0.85,2026-09-11 15:42:14.792915+00:00,300,,2026-09-03
1358,2026-09-03_810ef870,8,8,或许还能在2.5个月后以低60美元的价格买入该股,forecast,[],AVGO.price.buy,低60美元,,0.5,2026-09-11 15:42:14.792915+00:00,,,2026-09-03
1359,2026-09-03_810ef870,8,8,分析师一致目标价远高于500美元,forecast,[],AVGO.TP.consensus,远高于500美元,,0.85,2026-09-11 15:42:14.792915+00:00,,,2026-09-03
1360,2026-09-03_810ef870,10,10,"$95 calls bought for next week 12,500x",fact,[],US.OPTIONS.CALL.volume,"12,500x",,0.8,2026-09-11 15:42:50.079754+00:00,12500,x,2026-09-03
1361,2026-09-03_810ef870,10,10,Lots of calls up at 100 and 105 as well,fact,[],US.OPTIONS.CALL.strike,$100 and $105,,0.7,2026-09-11 15:42:50.079754+00:00,,,2026-09-03
1362,2026-09-03_810ef870,10,10,I will sell puts directionally the way I did above at $90 for next week,forecast,[],US.OPTIONS.PUT.strike,$90,,0.7,2026-09-11 15:42:50.079754+00:00,,,2026-09-03
1363,2026-09-03_810ef870,10,10,I went with $90 because that is where the 200 day is,fact,[],US.MA200.price,$90,,0.8,2026-09-11 15:42:50.079754+00:00,,,2026-09-03
1364,2026-09-03_810ef870,12,12,MDT——买入,forecast,[],rating,买入,,0.9,2026-09-11 15:43:35.870612+00:00,,,2026-09-03
1365,2026-09-03_810ef870,12,12,"买入下周到期的95美元看涨期权，共12,500份",fact,[],options.call.volume,"12,500份",,0.8,2026-09-11 15:43:35.870612+00:00,12500,份,2026-09-03
1366,2026-09-03_810ef870,12,12,100和105美元处也有大量看涨期权,fact,[],options.call.strike,100和105美元,,0.8,2026-09-11 15:43:35.870612+00:00,100,和105美元,2026-09-03
1367,2026-09-03_810ef870,12,12,方向性卖出看跌期权，例如下周90美元行权价,forecast,[],options.put.strike,90美元,,0.7,2026-09-11 15:43:35.870612+00:00,90,美元,2026-09-03
1368,2026-09-03_810ef870,13,13,$450 puts sold in November 400x for $28,fact,[],US.PUT.price,$28,,0.7,2026-09-11 15:44:07.884715+00:00,,,2026-09-03
1369,2026-09-03_810ef870,13,13,up over 5x this year,fact,[],US.DELL.return,5x,YTD,0.8,2026-09-11 15:44:07.884715+00:00,5,x,2026-09-03
1370,2026-09-03_810ef870,14,14,up over $600 and $700 expiring this year（行权价 600 美元与 700 美元、今年到期的看涨期权）,fact,[],US.DELL.CALL.strike,$600 和 $700,,0.6,2026-09-11 15:45:07.399566+00:00,,,2026-09-03
1371,2026-09-03_810ef870,14,14,sell November 390/380 put spreads for 1.90,forecast,[],US.DELL.PUTSPREAD.credit,1.90,,0.9,2026-09-11 15:45:07.399566+00:00,1.90,,2026-09-03
1372,2026-09-03_810ef870,14,14,risking 8.10,forecast,[],US.DELL.PUTSPREAD.max_risk,8.10,,0.9,2026-09-11 15:45:07.399566+00:00,8.10,,2026-09-03
1373,2026-09-03_810ef870,14,14,You make 23% in 2 months as long as Dell stays over $390,forecast,[],US.DELL.PUTSPREAD.return,23%,,0.85,2026-09-11 15:45:07.399566+00:00,23,%,2026-09-03
2218,2026-09-06_5e305376,7,7,截至9 月3 日，美国30 年期固定利率房贷利率上升至6.71%,fact,[],US.MORTGAGE30Y.rate,6.71%,2026-09-03,0.85,2026-09-11 17:23:58.589567+00:00,6.71,%,2026-09-03
1376,2026-09-03_810ef870,15,15,11月到期的450美元看跌期权，以28美元卖出400份,fact,[],US.DELL.PUT.price,28美元,,0.85,2026-09-11 15:45:46.592004+00:00,28,美元,2026-09-03
1377,2026-09-03_810ef870,15,15,该股今年已上涨超过5倍,fact,[],US.DELL.YTD.return,超过5倍,,0.85,2026-09-11 15:45:46.592004+00:00,,,2026-09-03
1378,2026-09-03_810ef870,15,15,大量看涨期权目标价远高于当前水平，指向600美元和700美元以上，且均在今年到期,forecast,[],US.DELL.CALL.target,600美元和700美元以上,,0.7,2026-09-11 15:45:46.592004+00:00,600,美元和700美元以上,2026-09-03
1379,2026-09-03_810ef870,16,16,卖出11月390/380美元看跌价差，权利金为1.90美元,fact,[],US.DELL.PUTSPREAD.premium,1.90美元,,0.7,2026-09-11 15:46:28.226218+00:00,1.90,美元,2026-09-03
1380,2026-09-03_810ef870,16,16,风险敞口为8.10美元,fact,[],US.DELL.PUTSPREAD.risk,8.10美元,,0.7,2026-09-11 15:46:28.226218+00:00,8.10,美元,2026-09-03
1381,2026-09-03_810ef870,16,16,只要戴尔股价保持在390美元以上，你就能在两个月内获得23%的收益,forecast,[],US.DELL.return,23%,,0.8,2026-09-11 15:46:28.226218+00:00,23,%,2026-09-03
1382,2026-09-03_810ef870,16,16,卖出这些450美元看跌期权,forecast,[],US.DELL.PUT.strike,450美元,,0.6,2026-09-11 15:46:28.226218+00:00,450,美元,2026-09-03
1383,2026-09-03_810ef870,16,16,400美元下方的众多长下影线表明该区域有大量买盘介入,fact,[],US.DELL.price.support,400美元,,0.6,2026-09-11 15:46:28.226218+00:00,400,美元,2026-09-03
1384,2026-09-03_810ef870,17,17,$60/70 call spread bought 5900x in October on SharonAI,fact,[],US.OPTIONS.callspread.volume,5900x,October,0.7,2026-09-11 15:46:56.233106+00:00,5900,x,2026-09-03
1385,2026-09-03_810ef870,18,18,the late July 40 level,fact,[],price,40,,0.5,2026-09-11 15:47:24.939197+00:00,40,,2026-09-03
1386,2026-09-03_810ef870,18,18,an aggressive 110 call buy in November,fact,[],OPT.CALL.strike,110,,0.6,2026-09-11 15:47:24.939197+00:00,110,,2026-09-03
1387,2026-09-03_810ef870,19,19,10月买入5900份60/70美元看涨价差,fact,[],US.SHAZ.callspread,5900份60/70美元看涨价差,10月,0.7,2026-09-11 15:47:48.671885+00:00,5900,份60/70美元看涨价差,2026-09-03
1388,2026-09-03_810ef870,19,19,该股可能正在7月底40美元低点上方构筑更高的低点,forecast,[],US.SHAZ.price,40美元,7月底,0.6,2026-09-11 15:47:48.671885+00:00,40,美元,2026-09-03
1389,2026-09-03_810ef870,20,20,11月甚至出现激进的110美元看涨期权买入,fact,[],CALL.STRIKE.price,110美元,11月,0.7,2026-09-11 15:48:03.681539+00:00,110,美元,2026-09-03
1390,2026-09-03_810ef870,21,21,HESM - $36 puts in December sold 3780x,fact,[],US.HESM.PUT.volume,3780x,,0.85,2026-09-11 15:48:22.324574+00:00,3780,x,2026-09-03
1391,2026-09-03_810ef870,21,21,Hess Midstream has a 7.5% distribution,fact,[],US.HESM.DIST.yield,7.5%,,0.9,2026-09-11 15:48:22.324574+00:00,7.5,%,2026-09-03
1392,2026-09-03_810ef870,22,22,you would be in at a basis of 35.xx in December,forecast,[],price,35.xx,,0.8,2026-09-11 15:48:43.813827+00:00,35,.xx,2026-09-03
2219,2026-09-06_5e305376,8,8,美国房屋待售时长较疫情前（4WMA）为-7.53%,fact,[],US.HOUSING_DOH.vs_precovid,-7.53%,,0.7,2026-09-11 17:24:19.011899+00:00,-7.53,%,2026-09-06
1394,2026-09-03_810ef870,22,22,you would have an 8%+ yield,forecast,[],yield,8%+,,0.8,2026-09-11 15:48:43.813827+00:00,8,%+,2026-09-03
1395,2026-09-03_810ef870,22,22,a name 10% or more below the 200 day,fact,[],price.rel_MA200,10% or more below,,0.7,2026-09-11 15:48:43.813827+00:00,10,% or more below,2026-09-03
1396,2026-09-03_810ef870,23,23,12月到期的36美元看跌期权卖出3780张,fact,[],US.OPTION.PUT.SELL,3780张（行权价36美元）,,0.85,2026-09-11 15:49:09.868937+00:00,3780,张（行权价36美元）,2026-09-03
1397,2026-09-03_810ef870,23,23,Hess Midstream的分派率为7.5%,fact,[],US.DISTYIELD,7.5%,,0.9,2026-09-11 15:49:09.868937+00:00,7.5,%,2026-09-03
1398,2026-09-03_810ef870,24,24,若卖出这些看跌期权并接受行权交割，12月的建仓成本将在35美元出头,forecast,[],ENTRY_COST.price,35美元出头,12月,0.7,2026-09-11 15:49:33.138907+00:00,35,美元出头,2026-09-03
1399,2026-09-03_810ef870,24,24,低于接近38美元的200日均线,fact,[],MA200.price,接近38美元,,0.8,2026-09-11 15:49:33.138907+00:00,,,2026-09-03
1400,2026-09-03_810ef870,24,24,该标的较200日均线低10%或更多时，收益率将超过8%,forecast,[],YIELD,超过8%,,0.7,2026-09-11 15:49:33.138907+00:00,,,2026-09-03
2220,2026-09-06_5e305376,8,8,最新一周，美国中位数房价同比增速上升，Redfin中位数房价同比增速(4WMA)为2.21%,fact,[],US.HOUSE_PRICE_MEDIAN.YoY.actual,2.21%,,0.7,2026-09-11 17:24:19.011899+00:00,2.21,%,2026-09-06
1402,2026-09-04_074b7471,1,一、执行摘要,9/3 跳空收复 8 EMA，仍需有效突破 $775.30,fact,[],SPY.关键点位,$775.30,,0.8,2026-09-11 15:50:45.836972+00:00,,,2026-09-04
1403,2026-09-04_074b7471,1,一、执行摘要,AVGO 给出 2028 年 EPS $30 指引,forecast,[],AVGO.EPS指引,$30,2028,0.85,2026-09-11 15:50:45.836972+00:00,,,2026-09-04
1405,2026-09-04_074b7471,1,一、执行摘要,AVGO 估值仅约 10 倍于 2028 年 EPS $30 指引,fact,[],AVGO.市盈率,约 10 倍,2028,0.7,2026-09-11 15:50:45.836972+00:00,,,2026-09-04
1408,2026-09-04_074b7471,3,验证表,联邦基金利率目标区间 3.50%–3.75%（2025 年 12 月以来连停 5 次）,fact,[],联邦基金利率.目标区间,3.50%–3.75%,,0.9,2026-09-11 15:51:57.356672+00:00,3.50,%–3.75%,2026-09-04
1409,2026-09-04_074b7471,3,验证表,rates near 5%（验证判定为长端美债收益率，非政策利率）,fact,[],美债.长端收益率,接近 5%,,0.55,2026-09-11 15:51:57.356672+00:00,,,2026-09-04
1410,2026-09-04_074b7471,3,验证表,油价 $83 → $90 → $92+，递进一致，呈 escalation 轨迹,fact,[],油价.价格,$83 → $90 → $92+,,0.85,2026-09-11 15:51:57.356672+00:00,,,2026-09-04
1412,2026-09-04_074b7471,3,验证表,SPY 支撑/阻力序列：50 日线约 753、前高 779.37，9/3 近高点 $775.30,fact,[],SPY.支撑阻力位,50D 约 753、779.37、775.30 美元,,0.8,2026-09-11 15:51:57.356672+00:00,50,D 约 753、779.37、775.30 美元,2026-09-04
1413,2026-09-04_074b7471,3,验证表,"黄金近期尝试 $4,700、阻力 $4,772，此前自高点回落至 $4,494",fact,[],黄金.价格,"尝试 $4,700、阻力 $4,772、回落至 $4,494",,0.85,2026-09-11 15:51:57.356672+00:00,,,2026-09-04
1414,2026-09-04_074b7471,3,验证表,全球流动性总量约 $194.9T，水位持平确认,fact,[],全球流动性.总量,约 194.9 万亿美元,,0.9,2026-09-11 15:51:57.356672+00:00,,,2026-09-04
1415,2026-09-04_074b7471,3,验证表,SMB 年增长为负、3M 年化 1.8%、年度 5.8%（8/25 为 6.2% → 9/1 为 5.8%，动能弱化延续）,fact,[],SMB.年增长,年增长为负；3M 年化 1.8%、年度 5.8%,,0.8,2026-09-11 15:51:57.356672+00:00,,,2026-09-04
1416,2026-09-04_074b7471,3,验证表,NVDA @ $223.02,fact,[],NVDA.价格,$223.02,,0.9,2026-09-11 15:51:57.356672+00:00,,,2026-09-04
1418,2026-09-04_074b7471,3,验证表,AVGO 约 10 倍 2028 年 EPS 指引($30),forecast,[],AVGO.2028年EPS指引,$30（约 10 倍）,2028,0.8,2026-09-11 15:51:57.356672+00:00,,,2026-09-04
1419,2026-09-04_074b7471,3,验证表,区域敞口 Asia EM +61（China +41、Korea +58）、MidEast/Africa +41、LatAm +15（9/1 数据，部分待核）,fact,[],全球流动性.区域敞口,Asia EM +61（China +41、Korea +58）、MidEast/Africa +41、LatAm +15,,0.65,2026-09-11 15:51:57.356672+00:00,,,2026-09-04
1420,2026-09-04_074b7471,3,验证表,LNG ~$296（盘中实时报价）,fact,[],LNG.价格,约 $296,,0.7,2026-09-11 15:51:57.356672+00:00,,,2026-09-04
1421,2026-09-04_074b7471,3,验证表,MDT $90/$95（盘中实时报价）,fact,[],MDT.价格,$90/$95,,0.7,2026-09-11 15:51:57.356672+00:00,,,2026-09-04
1422,2026-09-04_074b7471,3,验证表,Dell ~$390（盘中实时报价）,fact,[],Dell.价格,约 $390,,0.7,2026-09-11 15:51:57.356672+00:00,,,2026-09-04
1423,2026-09-04_074b7471,3,验证表,INTC <$80（盘中实时报价）,fact,[],INTC.价格,<$80,,0.7,2026-09-11 15:51:57.356672+00:00,,,2026-09-04
2221,2026-09-06_5e305376,9,9,截至9 月3 日，波罗的海干散货指数上升至3488,fact,[],GLOBAL.BDI.price,3488,,0.85,2026-09-11 17:24:45.584407+00:00,3488,,2026-09-06
1426,2026-09-04_074b7471,5,验证结论,"""Bulltard 的 near 5%""结合上下文判定为长端收益率",fact,[],长端收益率.水平,near 5%,,0.5,2026-09-11 15:52:26.598708+00:00,,,2026-09-04
1429,2026-09-04_074b7471,6,"信号 1：油价突破 $90 → $92+ —— 尾部风险已实质性启动，但同时也打开了""和解窗""",在利率接近 5%、油价每日创新高、中期选举在即的背景下,fact,[],利率.水平,接近 5%,,0.6,2026-09-11 15:52:43.789315+00:00,,,2026-09-04
1430,2026-09-04_074b7471,7,"信号 2：SPY 反弹确认失败——仍在""更低高点""序列，$775.30 是唯一无效化条件",9/2：SPY 试图收复 21 EMA，但受制于 8 EMA,fact,[],SPY.均线,21 EMA / 8 EMA,,0.7,2026-09-11 15:53:04.499870+00:00,21,EMA / 8 EMA,2026-09-04
1431,2026-09-04_074b7471,7,"信号 2：SPY 反弹确认失败——仍在""更低高点""序列，$775.30 是唯一无效化条件",需要有效突破 $775.30（5 日前高点）才能打破这一系列更低高点的格局，之后才有望创出新高,forecast,[],SPY.阻力位,$775.30,,0.8,2026-09-11 15:53:04.499870+00:00,,,2026-09-04
1432,2026-09-04_074b7471,7,"信号 2：SPY 反弹确认失败——仍在""更低高点""序列，$775.30 是唯一无效化条件",当时 SPY 首次跳空跌破 21 EMA，下一个支撑标为 50 日线（~753）,fact,[],SPY.支撑位,~753,,0.7,2026-09-11 15:53:04.499870+00:00,,,2026-09-04
1433,2026-09-04_074b7471,8,信号 3：AVGO 指引折价——市场不再为远期 EPS 指引付费,AVGO 给出 2028 年 EPS 高达 $30 的强劲指引,forecast,[],AVGO.EPS,$30,2028,0.9,2026-09-11 15:53:20.145267+00:00,,,2026-09-04
1434,2026-09-04_074b7471,8,信号 3：AVGO 指引折价——市场不再为远期 EPS 指引付费,股价却下跌 6%,fact,[],AVGO.涨跌幅,下跌 6%,,0.85,2026-09-11 15:53:20.145267+00:00,,,2026-09-04
1435,2026-09-04_074b7471,8,信号 3：AVGO 指引折价——市场不再为远期 EPS 指引付费,目前交易价格仅略高于这些预估的 10 倍,fact,[],AVGO.市盈率,略高于 10 倍,,0.8,2026-09-11 15:53:20.145267+00:00,,,2026-09-04
1438,2026-09-04_074b7471,9,"信号 4：黄金进入明确的周期时间窗——$4,772 是 7 个月来首个真正多头信号",矿商股 GDX 近期 +3.9%，接近前期高点,fact,[],GDX.涨跌幅,+3.9%,,0.8,2026-09-11 15:53:44.432364+00:00,3.9,%,2026-09-04
1439,2026-09-04_074b7471,9,"信号 4：黄金进入明确的周期时间窗——$4,772 是 7 个月来首个真正多头信号",黄金近期 +4.7%,fact,[],黄金.涨跌幅,+4.7%,,0.8,2026-09-11 15:53:44.432364+00:00,4.7,%,2026-09-04
1440,2026-09-04_074b7471,10,"视角 1：地缘政治经济学——""通胀痛苦""正在转化为政治行动力",接近 5% 的长端利率,fact,[],美债.长端利率,接近 5%,,0.7,2026-09-11 15:54:07.506201+00:00,,,2026-09-04
1441,2026-09-04_074b7471,10,"视角 1：地缘政治经济学——""通胀痛苦""正在转化为政治行动力",$90 是历来协议达成之处,fact,[],原油.价格,$90,,0.6,2026-09-11 15:54:07.506201+00:00,,,2026-09-04
1443,2026-09-04_074b7471,11,"视角 2：""聪明钱在买 200 日均线""——全市场的统一行为模式",VIK 回调近 30%,fact,[],VIK.回调幅度,近 30%,,0.85,2026-09-11 15:54:49.064369+00:00,,,2026-09-04
1444,2026-09-04_074b7471,11,"视角 2：""聪明钱在买 200 日均线""——全市场的统一行为模式","VIK：有人买入 2,000 张 10 月 $90 看涨期权",fact,[],VIK.看涨期权买入量,"2,000 张",,0.85,2026-09-11 15:54:49.064369+00:00,2000,张,2026-09-04
1445,2026-09-04_074b7471,11,"视角 2：""聪明钱在买 200 日均线""——全市场的统一行为模式",Dell：11 月 $390/$380 看跌价差，$390 正是 200 日线附近,fact,[],Dell.看跌价差行权价,$390/$380,,0.85,2026-09-11 15:54:49.064369+00:00,,,2026-09-04
1446,2026-09-04_074b7471,11,"视角 2：""聪明钱在买 200 日均线""——全市场的统一行为模式",MDT：$90 看跌（200 日线）+ $95 看涨同做，$96/$100/$105 层层看跌,fact,[],MDT.期权行权价,$90/$95/$96/$100/$105,,0.8,2026-09-11 15:54:49.064369+00:00,,,2026-09-04
1447,2026-09-04_074b7471,11,"视角 2：""聪明钱在买 200 日均线""——全市场的统一行为模式",CF：卖出 12 月 $105 看跌，价位接近 200 日均线,fact,[],CF.看跌期权行权价,$105,,0.85,2026-09-11 15:54:49.064369+00:00,,,2026-09-04
1448,2026-09-04_074b7471,11,"视角 2：""聪明钱在买 200 日均线""——全市场的统一行为模式",EQPT：17.xx 加仓（低于 200 日线）,fact,[],EQPT.加仓价格,17.xx,,0.8,2026-09-11 15:54:49.064369+00:00,17,.xx,2026-09-04
1449,2026-09-04_074b7471,11,"视角 2：""聪明钱在买 200 日均线""——全市场的统一行为模式",EQPT：10 月 $20/$25 看涨价差,fact,[],EQPT.看涨价差行权价,$20/$25,,0.85,2026-09-11 15:54:49.064369+00:00,,,2026-09-04
1450,2026-09-04_074b7471,12,视角 3：黄金/白银周期的相位差——一个被忽略的对冲时机,白银休整期可能持续约 8 个月,forecast,[],白银.休整期,约 8 个月,,0.8,2026-09-11 15:55:10.318621+00:00,,,2026-09-04
1451,2026-09-04_074b7471,12,视角 3：黄金/白银周期的相位差——一个被忽略的对冲时机,黄金处于日线级别调整末端，等待 9/15–17 的时间窗验证周线是否转多,forecast,[],黄金.验证时间窗,9/15–17,,0.6,2026-09-11 15:55:10.318621+00:00,9,/15–17,2026-09-04
1453,2026-09-04_074b7471,13,视角 4：对 A 股的映射——拥挤度的双刃剑 + PBoC 托底的结构性机会,亚洲新兴市场敞口 +61,fact,[],亚洲新兴市场.外资敞口,+61,,0.85,2026-09-11 15:55:32.637932+00:00,61,,2026-09-04
1454,2026-09-04_074b7471,13,视角 4：对 A 股的映射——拥挤度的双刃剑 + PBoC 托底的结构性机会,中国敞口 +41,fact,[],中国.外资敞口,+41,,0.85,2026-09-11 15:55:32.637932+00:00,41,,2026-09-04
1455,2026-09-04_074b7471,13,视角 4：对 A 股的映射——拥挤度的双刃剑 + PBoC 托底的结构性机会,韩国敞口 +58,fact,[],韩国.外资敞口,+58,,0.85,2026-09-11 15:55:32.637932+00:00,58,,2026-09-04
1456,2026-09-04_074b7471,14,视角 5：一个警示——单一个股的集中押注不可作为市场信号,"若 INTC 能在接下来 57 个交易日撑到 11 月期权到期，并在期间跌破 $80，则""这一年可能会变得极为出色""",forecast,[],英特尔.价格,$80,,0.6,2026-09-11 15:56:00.169485+00:00,,,2026-09-04
1459,2026-09-04_074b7471,16,情景 A（基线，概率 ~50%）：和谈发酵 → 油价回落 → 新高确认,"4,772 若在 9/15–17 窗口被突破则中期逻辑转多",forecast,[],黄金.价格,"4,772",9/15–17,0.7,2026-09-11 15:56:18.091653+00:00,4772,,2026-09-04
1460,2026-09-04_074b7471,16,情景 A（基线，概率 ~50%）：和谈发酵 → 油价回落 → 新高确认,USD/CNY（当前 ~6.72）,fact,[],美元兑人民币.汇率,~6.72,,0.9,2026-09-11 15:56:18.091653+00:00,,,2026-09-04
1462,2026-09-04_074b7471,17,情景 B（偏空，概率 ~30%）：僵局延续 → 油价破 $95 → 成长股压缩,SPY 反弹失败，回测 50 日线（~753）甚至更低,forecast,[],SPY.50日均线,~753,,0.6,2026-09-11 15:56:31.185132+00:00,,,2026-09-04
1463,2026-09-04_074b7471,17,情景 B（偏空，概率 ~30%）：僵局延续 → 油价破 $95 → 成长股压缩,15–20% 级回撤风险显性化（Turn 6 尾部情景提前）,forecast,[],SPY.回撤幅度,15–20%,,0.6,2026-09-11 15:56:31.185132+00:00,15,–20%,2026-09-04
1466,2026-09-04_074b7471,18,情景 C（黑天鹅，概率 ~20%）：Hormuz 供应中断 → 滞胀 + 债市风暴,MOVE 从当前 ~70 低位跳升至 100+,forecast,[],MOVE.点位,100+,,0.6,2026-09-11 15:56:52.428172+00:00,100,+,2026-09-04
1468,2026-09-04_074b7471,19,六、风险监控清单（生命线指标）,SPY 警戒阈值 <753（50 日线失守）,forecast,[],SPY.价格,<753,,0.7,2026-09-11 15:57:33.925117+00:00,,,2026-09-04
1469,2026-09-04_074b7471,19,六、风险监控清单（生命线指标）,VIX 警戒阈值 >20 并站稳,forecast,[],VIX.点位,>20,,0.7,2026-09-11 15:57:33.925117+00:00,,,2026-09-04
1470,2026-09-04_074b7471,19,六、风险监控清单（生命线指标）,MOVE 指数警戒阈值 >100,forecast,[],MOVE指数.点位,>100,,0.7,2026-09-11 15:57:33.925117+00:00,,,2026-09-04
1472,2026-09-04_074b7471,19,六、风险监控清单（生命线指标）,美元兑人民币 USD/CNY 正常区间 ~6.72,forecast,[],美元兑人民币.汇率,~6.72,,0.7,2026-09-11 15:57:33.925117+00:00,,,2026-09-04
1473,2026-09-04_074b7471,20,七、可执行结论,在 $775.30 被有效突破前，不重仓押多,forecast,[],美股.价格,$775.30,,0.7,2026-09-11 15:58:15.143573+00:00,,,2026-09-04
1474,2026-09-04_074b7471,20,七、可执行结论,不宜在 $92+ 追高，可待油价回落企稳后再考虑,forecast,[],原油.价格,$92+,,0.7,2026-09-11 15:58:15.143573+00:00,,,2026-09-04
1475,2026-09-04_074b7471,20,七、可执行结论,"真正的中期建仓信号是 9/15–17 窗口内收盘站上 4,772",forecast,[],黄金.价格,"4,772",,0.7,2026-09-11 15:58:15.143573+00:00,4772,,2026-09-04
1476,2026-09-04_074b7471,20,七、可执行结论,VIX<16 的环境下买期权往往消耗时间价值,fact,[],VIX.点位,<16,,0.6,2026-09-11 15:58:15.143573+00:00,,,2026-09-04
1477,2026-09-04_074b7471,20,七、可执行结论,MOVE=70 的环境下买期权往往消耗时间价值,fact,[],MOVE.点位,70,,0.6,2026-09-11 15:58:15.143573+00:00,70,,2026-09-04
1480,2026-09-04_ce9cac53,3,3,我一直认为黄金将走向其20日均线——到目前为止确实如此,fact,[],黄金.价格,20日均线,,0.6,2026-09-11 15:59:09.642645+00:00,20,日均线,2026-09-04
1482,2026-09-04_ce9cac53,4,4,只要价格在收盘基础上突破4772，这将让我确信黄金确实处于看涨的周线周期中，并且本身也将进入右侧平移阶段（大约在10月）,forecast,[],黄金.价格,4772,,0.8,2026-09-11 15:59:25.700786+00:00,4772,,2026-09-04
1483,2026-09-04_ce9cac53,5,5,这需要整整8个月的时间。这给了布林带一个机会，在白银为下一次大行情积蓄燃料之前，先完成盘整和收窄,forecast,[],白银.盘整时长,8个月,,0.7,2026-09-11 15:59:39.526168+00:00,8,个月,2026-09-04
1484,2026-09-04_ce9cac53,6,6,矿商股近期表现相当强劲，距离近期高点并不远，涨幅为3.9%,fact,[],黄金矿商股.涨跌幅,3.9%,,0.8,2026-09-11 15:59:50.697476+00:00,3.9,%,2026-09-04
1485,2026-09-04_ce9cac53,6,6,黄金涨幅为4.7%,fact,[],黄金.涨跌幅,4.7%,,0.8,2026-09-11 15:59:50.697476+00:00,4.7,%,2026-09-04
1487,2026-09-05_23c670eb,4,4,“Treasury QE”（财政部量化宽松）政策机制自2025年起实施,fact,[],美国国债.量化宽松政策起始,2025年,2025,0.6,2026-09-11 16:00:53.181554+00:00,2025,年,2026-09-05
1488,2026-09-05_23c670eb,5,5,自2025年起实施的“财政部量化宽松”政策体系似乎正在发挥作用,fact,[],财政部量化宽松.实施,2025年,2025,0.6,2026-09-11 16:01:32.204361+00:00,2025,年,2026-09-05
1489,2026-09-05_23c670eb,7,7,基于人工智能的搜索表明，2年期国债在约85%的情况下是准确的预测指标,fact,[],2年期美债.预测准确率,约85%,,0.8,2026-09-11 16:01:43.836927+00:00,,,2026-09-05
1490,2026-09-05_23c670eb,9,9,10年期日本国债理应试探4%而非3%的水平,forecast,[],10年期日本国债.收益率,4%,,0.7,2026-09-11 16:02:04.793466+00:00,4,%,2026-09-05
1491,2026-09-05_23c670eb,9,9,这可能使债券投资者进一步亏损10%,forecast,[],债券投资者.亏损,10%,,0.6,2026-09-11 16:02:04.793466+00:00,10,%,2026-09-05
1492,2026-09-05_23c670eb,10,10,原油价格虽受扭曲，但若以柴油价格换算，已相当于惊人的每桶165美元,fact,[],原油.价格,165 美元/桶,,0.85,2026-09-11 16:02:36.897038+00:00,165,美元/桶,2026-09-05
1493,2026-09-05_23c670eb,10,10,"A faster US economy, spurred by Treasury QE and the AI-capex boom is pushing Treasuries to test 6% yields",forecast,[],美国10年期国债.收益率,6%,,0.7,2026-09-11 16:02:36.897038+00:00,6,%,2026-09-05
1494,2026-09-05_23c670eb,10,10,"The US economy has not grown at its current tempo since the mid-1980s when Treasury yields sat around, what now seems an eye-watering, 8%",fact,[],美国10年期国债.收益率,8%左右,1980年代中期,0.9,2026-09-11 16:02:36.897038+00:00,8,%左右,2026-09-05
1495,2026-09-05_23c670eb,11,11,经济加速增长，正促使国债收益率试探6%的水平,fact,[],美国国债.收益率,6%,,0.8,2026-09-11 16:02:52.413543+00:00,6,%,2026-09-05
1496,2026-09-05_23c670eb,11,11,自1980年代中期以来，美国经济从未以当前这样的速度增长——当时国债收益率徘徊在现在看来令人瞠目的8%左右,fact,[],美国国债.收益率,8%左右,1980年代中期,0.8,2026-09-11 16:02:52.413543+00:00,8,%左右,2026-09-05
1497,2026-09-05_23c670eb,11,11,Investors should expect the average maturity of US debt to fall as bills rise towards a threshold of 30% of outstanding issuance.,forecast,[],美国国库券.占未偿发行比例,30%,,0.7,2026-09-11 16:02:52.413543+00:00,30,%,2026-09-05
1498,2026-09-05_23c670eb,12,12,随着国库券占未偿发行量的比例逼近30%的门槛，美国债务的平均期限将缩短,fact,[],美国国债.国库券占比,逼近30%,,0.7,2026-09-11 16:03:07.327914+00:00,,,2026-09-05
1499,2026-09-05_23c670eb,12,12,目前，超过五分之一的货币增长归因于公共部门,fact,[],美国货币增长.公共部门占比,超过五分之一,,0.8,2026-09-11 16:03:07.327914+00:00,,,2026-09-05
1500,2026-09-05_b7e932c8,3,3,8月制造业采购经理指数（PMI）为49.8%，较上月上升0.6个百分点,fact,[],制造业.PMI,49.8%,2026-08,0.9,2026-09-11 16:04:14.174152+00:00,49.8,%,2026-09-05
1501,2026-09-05_b7e932c8,3,3,8月生产指数为50.4%，位于扩张区间,fact,[],制造业.生产指数,50.4%,2026-08,0.9,2026-09-11 16:04:14.174152+00:00,50.4,%,2026-09-05
1502,2026-09-05_b7e932c8,3,3,8月新订单指数为50.6%，位于扩张区间,fact,[],制造业.新订单指数,50.6%,2026-08,0.9,2026-09-11 16:04:14.174152+00:00,50.6,%,2026-09-05
1503,2026-09-05_b7e932c8,3,3,8月非制造业商务活动指数为49.0%，与上月持平,fact,[],非制造业.商务活动指数,49.0%,2026-08,0.9,2026-09-11 16:04:14.174152+00:00,49.0,%,2026-09-05
1504,2026-09-05_b7e932c8,3,3,8月综合PMI产出指数为49.5%，较上月上升0.2个百分点,fact,[],综合PMI.产出指数,49.5%,2026-08,0.9,2026-09-11 16:04:14.174152+00:00,49.5,%,2026-09-05
1505,2026-09-05_b7e932c8,3,3,全国流通领域9大类50种重要生产资料市场价格监测显示，34种产品价格上涨，14种下降，2种持平,fact,[],生产资料.价格涨跌品种数,上涨34种、下降14种、持平2种,2026-08,0.8,2026-09-11 16:04:14.174152+00:00,,,2026-09-05
1506,2026-09-05_b7e932c8,3,3,8月下旬焦煤价格环比上期上涨16.1%,fact,[],焦煤.价格,环比上涨16.1%,2026-08,0.9,2026-09-11 16:04:14.174152+00:00,,,2026-09-05
1507,2026-09-05_b7e932c8,3,3,8月下旬多晶硅价格环比上期上涨14.4%,fact,[],多晶硅.价格,环比上涨14.4%,2026-08,0.9,2026-09-11 16:04:14.174152+00:00,,,2026-09-05
1508,2026-09-05_b7e932c8,3,3,8月下旬无烟煤价格环比上期上涨9.1%,fact,[],无烟煤.价格,环比上涨9.1%,2026-08,0.9,2026-09-11 16:04:14.174152+00:00,,,2026-09-05
1509,2026-09-05_b7e932c8,3,3,8月下旬甲醇价格环比上期上涨9.0%,fact,[],甲醇.价格,环比上涨9.0%,2026-08,0.9,2026-09-11 16:04:14.174152+00:00,,,2026-09-05
1510,2026-09-05_b7e932c8,3,3,美国8月非农就业增加16.2万个,fact,[],美国.非农就业新增,16.2万个,2026-08,0.9,2026-09-11 16:04:14.174152+00:00,16.2,万个,2026-09-05
1511,2026-09-05_b7e932c8,3,3,美国8月失业率维持在4.1%,fact,[],美国.失业率,4.1%,2026-08,0.9,2026-09-11 16:04:14.174152+00:00,4.1,%,2026-09-05
1512,2026-09-05_b7e932c8,3,3,美国私人非农部门平均时薪环比上涨0.3%，同比上涨3.1%,fact,[],美国.平均时薪,环比上涨0.3%、同比上涨3.1%,2026-08,0.9,2026-09-11 16:04:14.174152+00:00,,,2026-09-05
1513,2026-09-05_b7e932c8,3,3,美国劳动参与率为61.6%,fact,[],美国.劳动参与率,61.6%,2026-08,0.9,2026-09-11 16:04:14.174152+00:00,61.6,%,2026-09-05
1514,2026-09-05_b7e932c8,3,3,商务部等7部门提出到2030年社会消费品零售总额达到60万亿元左右,forecast,[],社会消费品零售总额.规模,60万亿元左右,2030,0.85,2026-09-11 16:04:14.174152+00:00,60,万亿元左右,2026-09-05
1515,2026-09-05_b7e932c8,3,3,《促进中小企业发展“十五五”规划》提出到2030年规模以上中小企业人均营业收入累计增长15%左右,forecast,[],中小企业.人均营业收入,累计增长15%左右,2030,0.85,2026-09-11 16:04:14.174152+00:00,,,2026-09-05
1516,2026-09-05_b7e932c8,3,3,规模以上工业中小企业研发费用内部支出年均增长8%以上,forecast,[],中小企业.研发费用内部支出,年均增长8%以上,2030,0.85,2026-09-11 16:04:14.174152+00:00,,,2026-09-05
1517,2026-09-05_b7e932c8,3,3,到2030年专精特新“小巨人”企业达到2.2万家,forecast,[],专精特新小巨人企业.数量,2.2万家,2030,0.85,2026-09-11 16:04:14.174152+00:00,2.2,万家,2026-09-05
1518,2026-09-05_b7e932c8,3,3,到2030年国家级中小企业特色产业集群达到600个,forecast,[],中小企业特色产业集群.数量,600个,2030,0.85,2026-09-11 16:04:14.174152+00:00,600,个,2026-09-05
1519,2026-09-05_b7e932c8,3,3,国家发展改革委调度109项重大工程建设进展,fact,[],重大工程.项目数,109项,,0.8,2026-09-11 16:04:14.174152+00:00,109,项,2026-09-05
1520,2026-09-05_b7e932c8,3,3,2025年社保基金投资收益额3906.7亿元,fact,[],社保基金.投资收益额,3906.7亿元,2025,0.9,2026-09-11 16:04:14.174152+00:00,3906.7,亿元,2026-09-05
1521,2026-09-05_b7e932c8,3,3,2025年社保基金投资收益率13.2%,fact,[],社保基金.投资收益率,13.2%,2025,0.9,2026-09-11 16:04:14.174152+00:00,13.2,%,2026-09-05
1522,2026-09-05_b7e932c8,3,3,年末社保基金资产总额38083.7亿元,fact,[],社保基金.资产总额,38083.7亿元,2025年末,0.9,2026-09-11 16:04:14.174152+00:00,38083.7,亿元,2026-09-05
1523,2026-09-05_b7e932c8,3,3,到2026年底全国服务商资源池内服务商数量突破2000家,forecast,[],人工智能应用服务商.数量,突破2000家,2026,0.85,2026-09-11 16:04:14.174152+00:00,,,2026-09-05
1524,2026-09-05_b7e932c8,3,3,到2027年底服务商数量不少于3000家,forecast,[],人工智能应用服务商.数量,不少于3000家,2027,0.85,2026-09-11 16:04:14.174152+00:00,,,2026-09-05
1525,2026-09-05_b7e932c8,3,3,“十五五”期间我国电力需求预计仍将保持年均5%左右增长,forecast,[],电力.需求,年均5%左右增长,十五五,0.8,2026-09-11 16:04:14.174152+00:00,,,2026-09-05
1526,2026-09-05_b7e932c8,4,4,上证综指下跌0.56%,fact,[],上证综指.涨跌幅,-0.56%,,0.9,2026-09-11 16:04:35.384102+00:00,-0.56,%,2026-09-05
1527,2026-09-05_b7e932c8,4,4,东财全A下跌1.20%,fact,[],东财全A.涨跌幅,-1.20%,,0.9,2026-09-11 16:04:35.384102+00:00,-1.20,%,2026-09-05
1528,2026-09-05_b7e932c8,4,4,沪深300下跌1.33%,fact,[],沪深300.涨跌幅,-1.33%,,0.9,2026-09-11 16:04:35.384102+00:00,-1.33,%,2026-09-05
1529,2026-09-05_b7e932c8,4,4,创业板指下跌4.03%,fact,[],创业板指.涨跌幅,-4.03%,,0.9,2026-09-11 16:04:35.384102+00:00,-4.03,%,2026-09-05
1530,2026-09-05_b7e932c8,4,4,科创50下跌5.10%,fact,[],科创50.涨跌幅,-5.10%,,0.9,2026-09-11 16:04:35.384102+00:00,-5.10,%,2026-09-05
1531,2026-09-05_b7e932c8,4,4,上证50微涨0.02%,fact,[],上证50.涨跌幅,0.02%,,0.9,2026-09-11 16:04:35.384102+00:00,0.02,%,2026-09-05
1532,2026-09-05_b7e932c8,4,4,中证500下跌3.07%,fact,[],中证500.涨跌幅,-3.07%,,0.9,2026-09-11 16:04:35.384102+00:00,-3.07,%,2026-09-05
1533,2026-09-05_b7e932c8,4,4,中证1000下跌2.56%,fact,[],中证1000.涨跌幅,-2.56%,,0.9,2026-09-11 16:04:35.384102+00:00,-2.56,%,2026-09-05
1534,2026-09-05_b7e932c8,4,4,中证2000下跌0.91%,fact,[],中证2000.涨跌幅,-0.91%,,0.9,2026-09-11 16:04:35.384102+00:00,-0.91,%,2026-09-05
1535,2026-09-05_b7e932c8,4,4,深证成指周涨跌幅-3.13%（图表数据）,fact,[],深证成指.涨跌幅,-3.13%,,0.7,2026-09-11 16:04:35.384102+00:00,-3.13,%,2026-09-05
1536,2026-09-05_b7e932c8,5,5,截至本周四，A股两融余额26275.15亿元,fact,[],A股.两融余额,26275.15亿元,2026-09-03,0.9,2026-09-11 16:04:51.917866+00:00,26275.15,亿元,2026-09-03
1537,2026-09-05_b7e932c8,5,5,A股两融余额占A股流通市值2.58%，占比较上周四下降0.02pct,fact,[],A股.两融余额占流通市值比例,2.58%,2026-09-03,0.9,2026-09-11 16:04:51.917866+00:00,2.58,%,2026-09-03
1538,2026-09-05_b7e932c8,6,6,传媒涨幅居前，上涨6.0%,fact,[],传媒.涨跌幅,6.0%,,0.9,2026-09-11 16:05:10.915714+00:00,6.0,%,2026-09-05
1539,2026-09-05_b7e932c8,6,6,银行涨幅居前，上涨4.0%,fact,[],银行.涨跌幅,4.0%,,0.9,2026-09-11 16:05:10.915714+00:00,4.0,%,2026-09-05
1540,2026-09-05_b7e932c8,6,6,农林牧渔涨幅居前，上涨3.3%,fact,[],农林牧渔.涨跌幅,3.3%,,0.9,2026-09-11 16:05:10.915714+00:00,3.3,%,2026-09-05
1541,2026-09-05_b7e932c8,6,6,电子表现较弱，下跌5.4%,fact,[],电子.涨跌幅,-5.4%,,0.9,2026-09-11 16:05:10.915714+00:00,-5.4,%,2026-09-05
1542,2026-09-05_b7e932c8,6,6,有色金属表现较弱，下跌5.0%,fact,[],有色金属.涨跌幅,-5.0%,,0.9,2026-09-11 16:05:10.915714+00:00,-5.0,%,2026-09-05
1543,2026-09-05_b7e932c8,6,6,建筑材料表现较弱，下跌4.3%,fact,[],建筑材料.涨跌幅,-4.3%,,0.9,2026-09-11 16:05:10.915714+00:00,-4.3,%,2026-09-05
1544,2026-09-05_b7e932c8,10,10,波罗的海干散货指数周涨13.9%,fact,[],波罗的海干散货指数.涨跌幅,13.9%,,0.9,2026-09-11 16:13:45.458586+00:00,13.9,%,2026-09-05
1545,2026-09-05_b7e932c8,10,10,布伦特原油上涨8.6%,fact,[],布伦特原油.涨跌幅,8.6%,,0.9,2026-09-11 16:13:45.458586+00:00,8.6,%,2026-09-05
1546,2026-09-05_b7e932c8,10,10,PVC期货上涨12.0%,fact,[],PVC期货.涨跌幅,12.0%,,0.9,2026-09-11 16:13:45.458586+00:00,12.0,%,2026-09-05
1547,2026-09-05_b7e932c8,10,10,PTA期货上涨5.2%,fact,[],PTA期货.涨跌幅,5.2%,,0.9,2026-09-11 16:13:45.458586+00:00,5.2,%,2026-09-05
1548,2026-09-05_b7e932c8,10,10,纯碱期货上涨4.4%,fact,[],纯碱期货.涨跌幅,4.4%,,0.9,2026-09-11 16:13:45.458586+00:00,4.4,%,2026-09-05
1549,2026-09-05_b7e932c8,10,10,LME锌周涨1.6%,fact,[],LME锌.涨跌幅,1.6%,,0.9,2026-09-11 16:13:45.458586+00:00,1.6,%,2026-09-05
1550,2026-09-05_b7e932c8,10,10,产业高频景气跟踪.焦煤期货价 年初以来涨跌幅 49.4%,fact,[],产业高频景气跟踪.焦煤期货价,49.4%,,0.9,2026-09-11 16:13:45.458586+00:00,49.4,%,2026-09-05
1551,2026-09-05_b7e932c8,10,10,产业高频景气跟踪.焦炭期货价 年初以来涨跌幅 28.2%,fact,[],产业高频景气跟踪.焦炭期货价,28.2%,,0.9,2026-09-11 16:13:45.458586+00:00,28.2,%,2026-09-05
1552,2026-09-05_b7e932c8,10,10,产业高频景气跟踪.线材期货 年初以来涨跌幅 -5.4%,fact,[],产业高频景气跟踪.线材期货,-5.4%,,0.9,2026-09-11 16:13:45.458586+00:00,-5.4,%,2026-09-05
1553,2026-09-05_b7e932c8,10,10,产业高频景气跟踪.铁矿石期货价格 年初以来涨跌幅 -7.9%,fact,[],产业高频景气跟踪.铁矿石期货价格,-7.9%,,0.9,2026-09-11 16:13:45.458586+00:00,-7.9,%,2026-09-05
1554,2026-09-05_b7e932c8,10,10,产业高频景气跟踪.纯碱期货价 年初以来涨跌幅 -9.6%,fact,[],产业高频景气跟踪.纯碱期货价,-9.6%,,0.9,2026-09-11 16:13:45.458586+00:00,-9.6,%,2026-09-05
1555,2026-09-05_b7e932c8,10,10,产业高频景气跟踪.COMEX白银 年初以来涨跌幅 -5.9%,fact,[],产业高频景气跟踪.COMEX白银,-5.9%,,0.9,2026-09-11 16:13:45.458586+00:00,-5.9,%,2026-09-05
1556,2026-09-05_b7e932c8,10,10,产业高频景气跟踪.COMEX黄金 年初以来涨跌幅 3.3%,fact,[],产业高频景气跟踪.COMEX黄金,3.3%,,0.9,2026-09-11 16:13:45.458586+00:00,3.3,%,2026-09-05
1557,2026-09-05_b7e932c8,10,10,产业高频景气跟踪.LME锡 年初以来涨跌幅 35.5%,fact,[],产业高频景气跟踪.LME锡,35.5%,,0.9,2026-09-11 16:13:45.458586+00:00,35.5,%,2026-09-05
1558,2026-09-05_b7e932c8,10,10,产业高频景气跟踪.LME铅 年初以来涨跌幅 -4.9%,fact,[],产业高频景气跟踪.LME铅,-4.9%,,0.9,2026-09-11 16:13:45.458586+00:00,-4.9,%,2026-09-05
1559,2026-09-05_b7e932c8,10,10,产业高频景气跟踪.LME锌 年初以来涨跌幅 26.1%,fact,[],产业高频景气跟踪.LME锌,26.1%,,0.9,2026-09-11 16:13:45.458586+00:00,26.1,%,2026-09-05
1560,2026-09-05_b7e932c8,10,10,产业高频景气跟踪.COMEX铜 年初以来涨跌幅 17.1%,fact,[],产业高频景气跟踪.COMEX铜,17.1%,,0.9,2026-09-11 16:13:45.458586+00:00,17.1,%,2026-09-05
1561,2026-09-05_b7e932c8,10,10,产业高频景气跟踪.布伦特原油 年初以来涨跌幅 57.4%,fact,[],产业高频景气跟踪.布伦特原油,57.4%,,0.9,2026-09-11 16:13:45.458586+00:00,57.4,%,2026-09-05
1562,2026-09-05_b7e932c8,10,10,产业高频景气跟踪.PVC期货价 年初以来涨跌幅 6.7%,fact,[],产业高频景气跟踪.PVC期货价,6.7%,,0.9,2026-09-11 16:13:45.458586+00:00,6.7,%,2026-09-05
1563,2026-09-05_b7e932c8,10,10,产业高频景气跟踪.PTA期货 年初以来涨跌幅 15.9%,fact,[],产业高频景气跟踪.PTA期货,15.9%,,0.9,2026-09-11 16:13:45.458586+00:00,15.9,%,2026-09-05
1564,2026-09-05_b7e932c8,10,10,产业高频景气跟踪.尿素期货 年初以来涨跌幅 3.7%,fact,[],产业高频景气跟踪.尿素期货,3.7%,,0.9,2026-09-11 16:13:45.458586+00:00,3.7,%,2026-09-05
1565,2026-09-05_b7e932c8,10,10,产业高频景气跟踪.波罗的海干散货指数 年初以来涨跌幅 96.0%,fact,[],产业高频景气跟踪.波罗的海干散货指数,96.0%,,0.9,2026-09-11 16:13:45.458586+00:00,96.0,%,2026-09-05
1566,2026-09-05_b7e932c8,10,10,产业高频景气跟踪.沿海集装箱运价指数(TDI) 年初以来涨跌幅 12.7%,fact,[],产业高频景气跟踪.沿海集装箱运价指数(TDI),12.7%,,0.9,2026-09-11 16:13:45.458586+00:00,12.7,%,2026-09-05
1567,2026-09-05_b7e932c8,10,10,产业高频景气跟踪.全球集装箱运力 年初以来涨跌幅 1.9%,fact,[],产业高频景气跟踪.全球集装箱运力,1.9%,,0.9,2026-09-11 16:13:45.458586+00:00,1.9,%,2026-09-05
1568,2026-09-05_b7e932c8,10,10,产业高频景气跟踪.生猪期货价 年初以来涨跌幅 -0.3%,fact,[],产业高频景气跟踪.生猪期货价,-0.3%,,0.9,2026-09-11 16:13:45.458586+00:00,-0.3,%,2026-09-05
1569,2026-09-05_b7e932c8,10,10,产业高频景气跟踪.农产品批发价格200指数 近一季度涨跌幅 2.6%,fact,[],产业高频景气跟踪.农产品批发价格200指数,2.6%,,0.9,2026-09-11 16:13:45.458586+00:00,2.6,%,2026-09-05
1570,2026-09-05_b7e932c8,11,11,产业高频景气跟踪.螺纹钢期货价 年初以来涨跌幅 1.4%,fact,[],产业高频景气跟踪.螺纹钢期货价,1.4%,,0.9,2026-09-11 16:15:26.020257+00:00,1.4,%,2026-09-05
1571,2026-09-05_b7e932c8,11,11,产业高频景气跟踪.碳酸锂期货价 年初以来涨跌幅 16.7%,fact,[],产业高频景气跟踪.碳酸锂期货价,16.7%,,0.9,2026-09-11 16:15:26.020257+00:00,16.7,%,2026-09-05
1572,2026-09-05_b7e932c8,11,11,产业高频景气跟踪.正极523三元材料动力多晶 年初以来涨跌幅 10.8%,fact,[],产业高频景气跟踪.正极523三元材料动力多晶,10.8%,,0.9,2026-09-11 16:15:26.020257+00:00,10.8,%,2026-09-05
1573,2026-09-05_b7e932c8,11,11,产业高频景气跟踪.磷酸铁锂电解液主流价 年初以来涨跌幅 -6.5%,fact,[],产业高频景气跟踪.磷酸铁锂电解液主流价,-6.5%,,0.9,2026-09-11 16:15:26.020257+00:00,-6.5,%,2026-09-05
1574,2026-09-05_b7e932c8,11,11,产业高频景气跟踪.钴均价 年初以来涨跌幅 -34.6%,fact,[],产业高频景气跟踪.钴均价,-34.6%,,0.9,2026-09-11 16:15:26.020257+00:00,-34.6,%,2026-09-05
1575,2026-09-05_b7e932c8,11,11,产业高频景气跟踪.LME镍 年初以来涨跌幅 0.5%,fact,[],产业高频景气跟踪.LME镍,0.5%,,0.9,2026-09-11 16:15:26.020257+00:00,0.5,%,2026-09-05
1576,2026-09-05_b7e932c8,11,11,产业高频景气跟踪.六氟磷酸锂 年初以来涨跌幅 -35.0%,fact,[],产业高频景气跟踪.六氟磷酸锂,-35.0%,,0.9,2026-09-11 16:15:26.020257+00:00,-35.0,%,2026-09-05
1577,2026-09-05_b7e932c8,11,11,产业高频景气跟踪.氢氧化锂电池级主流价 年初以来涨跌幅 27.7%,fact,[],产业高频景气跟踪.氢氧化锂电池级主流价,27.7%,,0.9,2026-09-11 16:15:26.020257+00:00,27.7,%,2026-09-05
1578,2026-09-05_b7e932c8,11,11,产业高频景气跟踪.LME铝 年初以来涨跌幅 10.0%,fact,[],产业高频景气跟踪.LME铝,10.0%,,0.9,2026-09-11 16:15:26.020257+00:00,10.0,%,2026-09-05
1579,2026-09-05_b7e932c8,11,11,产业高频景气跟踪.玻璃期货价 年初以来涨跌幅 -10.0%,fact,[],产业高频景气跟踪.玻璃期货价,-10.0%,,0.9,2026-09-11 16:15:26.020257+00:00,-10.0,%,2026-09-05
1580,2026-09-05_b7e932c8,11,11,产业高频景气跟踪.橡胶期货价 年初以来涨跌幅 19.8%,fact,[],产业高频景气跟踪.橡胶期货价,19.8%,,0.9,2026-09-11 16:15:26.020257+00:00,19.8,%,2026-09-05
1581,2026-09-05_b7e932c8,11,11,产业高频景气跟踪.光伏多晶硅价格 年初以来涨跌幅 -21.8%,fact,[],产业高频景气跟踪.光伏多晶硅价格,-21.8%,,0.9,2026-09-11 16:15:26.020257+00:00,-21.8,%,2026-09-02
1582,2026-09-05_b7e932c8,11,11,产业高频景气跟踪.中国台湾半导体指数 年初以来涨跌幅 63.9%,fact,[],产业高频景气跟踪.中国台湾半导体指数,63.9%,,0.9,2026-09-11 16:15:26.020257+00:00,63.9,%,2026-09-05
1583,2026-09-05_b7e932c8,11,11,产业高频景气跟踪.费城半导体指数 年初以来涨跌幅 65.0%,fact,[],产业高频景气跟踪.费城半导体指数,65.0%,,0.9,2026-09-11 16:15:26.020257+00:00,65.0,%,2026-09-05
1584,2026-09-05_b7e932c8,11,11,产业高频景气跟踪.DRAM颗粒 DDR4 16G 现货价 年初以来涨跌幅 -3.5%,fact,[],产业高频景气跟踪.DRAM颗粒 DDR4 16G 现货价,-3.5%,,0.9,2026-09-11 16:15:26.020257+00:00,-3.5,%,2026-09-05
1585,2026-09-05_b7e932c8,11,11,产业高频景气跟踪.Wafer:512Gb TLC收盘价 年初以来涨跌幅 87.5%,fact,[],产业高频景气跟踪.Wafer:512Gb TLC收盘价,87.5%,,0.9,2026-09-11 16:15:26.020257+00:00,87.5,%,2026-09-05
1586,2026-09-05_b7e932c8,11,11,产业高频景气跟踪.Wafer:256Gb TLC收盘价 年初以来涨跌幅 37.5%,fact,[],产业高频景气跟踪.Wafer:256Gb TLC收盘价,37.5%,,0.9,2026-09-11 16:15:26.020257+00:00,37.5,%,2026-09-05
1587,2026-09-05_b7e932c8,11,11,产业高频景气跟踪.DXI指数 年初以来涨跌幅 114.6%,fact,[],产业高频景气跟踪.DXI指数,114.6%,,0.9,2026-09-11 16:15:26.020257+00:00,114.6,%,2026-09-05
1588,2026-09-05_b7e932c8,11,11,产业高频景气跟踪.R007 年初以来涨跌幅 -5.6%,fact,[],产业高频景气跟踪.R007,-5.6%,,0.9,2026-09-11 16:15:26.020257+00:00,-5.6,%,2026-09-05
1589,2026-09-05_b7e932c8,11,11,产业高频景气跟踪.DR007 年初以来涨跌幅 -4.1%,fact,[],产业高频景气跟踪.DR007,-4.1%,,0.9,2026-09-11 16:15:26.020257+00:00,-4.1,%,2026-09-05
1590,2026-09-05_b7e932c8,11,11,产业高频景气跟踪.一年期国债收益率 年初以来涨跌幅 -8.7%,fact,[],产业高频景气跟踪.一年期国债收益率,-8.7%,,0.9,2026-09-11 16:15:26.020257+00:00,-8.7,%,2026-09-05
1591,2026-09-05_b7e932c8,11,11,产业高频景气跟踪.十年期国债收益率 年初以来涨跌幅 -9.5%,fact,[],产业高频景气跟踪.十年期国债收益率,-9.5%,,0.9,2026-09-11 16:15:26.020257+00:00,-9.5,%,2026-09-05
1592,2026-09-05_b7e932c8,11,11,产业高频景气跟踪.两融交易额 年初以来涨跌幅 -48.4%,fact,[],产业高频景气跟踪.两融交易额,-48.4%,,0.9,2026-09-11 16:15:26.020257+00:00,-48.4,%,2026-09-03
1593,2026-09-05_b7e932c8,11,11,产业高频景气跟踪.两融交易额占A股交易额比重 年初以来涨跌幅 -25.6%,fact,[],产业高频景气跟踪.两融交易额占A股交易额比重,-25.6%,,0.9,2026-09-11 16:15:26.020257+00:00,-25.6,%,2026-09-03
1594,2026-09-05_b7e932c8,11,11,产业高频景气跟踪.10城可售面积 年初以来涨跌幅 -5.5%,fact,[],产业高频景气跟踪.10城可售面积,-5.5%,,0.9,2026-09-11 16:15:26.020257+00:00,-5.5,%,2026-09-05
1595,2026-09-05_b7e932c8,12,12,一级行业估值情况.电子 PS(TTM) 5年分位 94.1%,fact,[],一级行业估值情况.电子,94.1%,,0.9,2026-09-11 16:17:17.773220+00:00,94.1,%,2026-09-05
1596,2026-09-05_b7e932c8,12,12,一级行业估值情况.通信 PS(TTM) 5年分位 92.5%,fact,[],一级行业估值情况.通信,92.5%,,0.9,2026-09-11 16:17:17.773220+00:00,92.5,%,2026-09-05
1597,2026-09-05_b7e932c8,12,12,一级行业估值情况.计算机 PS(TTM) 5年分位 35.8%,fact,[],一级行业估值情况.计算机,35.8%,,0.9,2026-09-11 16:17:17.773220+00:00,35.8,%,2026-09-05
1598,2026-09-05_b7e932c8,12,12,一级行业估值情况.传媒 PS(TTM) 5年分位 50.7%,fact,[],一级行业估值情况.传媒,50.7%,,0.9,2026-09-11 16:17:17.773220+00:00,50.7,%,2026-09-05
1599,2026-09-05_b7e932c8,12,12,一级行业估值情况.机械设备 PB(LF) 3.3,fact,[],一级行业估值情况.机械设备,3.3,,0.9,2026-09-11 16:17:17.773220+00:00,3.3,,2026-09-05
1600,2026-09-05_b7e932c8,13,13,商贸零售 26年预测市盈率 21 倍（PE-G 图中数据 21，364%）,fact,[],商贸零售.市盈率,21 倍,2026,0.6,2026-09-11 16:19:10.103654+00:00,21,倍,2026-09-05
1601,2026-09-05_b7e932c8,13,13,商贸零售 26年预测业绩增速 364%,forecast,[],商贸零售.业绩增速,364%,2026,0.6,2026-09-11 16:19:10.103654+00:00,364,%,2026-09-05
1602,2026-09-05_b7e932c8,13,13,综合 26年预测市盈率 42 倍（PE-G 图中数据 42，208%）,fact,[],综合.市盈率,42 倍,2026,0.6,2026-09-11 16:19:10.103654+00:00,42,倍,2026-09-05
1603,2026-09-05_b7e932c8,13,13,综合 26年预测业绩增速 208%,forecast,[],综合.业绩增速,208%,2026,0.6,2026-09-11 16:19:10.103654+00:00,208,%,2026-09-05
1604,2026-09-05_b7e932c8,14,14,二级行业估值情况.半导体 PS(TTM)5年分位 93.2%,fact,[],二级行业估值情况.半导体,93.2%,,0.9,2026-09-11 16:21:31.019935+00:00,93.2,%,2026-09-05
1605,2026-09-05_b7e932c8,14,14,二级行业估值情况.元件 本周 -6.5%,fact,[],二级行业估值情况.元件,-6.5%,,0.9,2026-09-11 16:21:31.019935+00:00,-6.5,%,2026-09-05
1606,2026-09-05_b7e932c8,20,20,农林牧渔交易热度居前，近一年相对换手率达1.71,fact,[],一级行业交易热度.农林牧渔,1.71,,0.95,2026-09-11 16:26:36.900087+00:00,1.71,,2026-09-05
1607,2026-09-05_b7e932c8,20,20,房地产交易热度居前，近一年相对换手率达1.24,fact,[],一级行业交易热度.房地产,1.24,,0.95,2026-09-11 16:26:36.900087+00:00,1.24,,2026-09-05
1608,2026-09-05_b7e932c8,20,20,一级行业交易热度.电子 成交金额占比近一年相对交易集中度 1.09,fact,[],一级行业交易热度.电子,1.09,,0.9,2026-09-11 16:26:36.900087+00:00,1.09,,2026-09-05
1609,2026-09-05_b7e932c8,20,20,一级行业交易热度.通信 成交金额占比近一年相对交易集中度 1.05,fact,[],一级行业交易热度.通信,1.05,,0.9,2026-09-11 16:26:36.900087+00:00,1.05,,2026-09-05
1610,2026-09-05_b7e932c8,20,20,一级行业交易热度.计算机 成交金额占比近一年相对交易集中度 0.92,fact,[],一级行业交易热度.计算机,0.92,,0.9,2026-09-11 16:26:36.900087+00:00,0.92,,2026-09-05
1611,2026-09-05_b7e932c8,20,20,一级行业交易热度.传媒 成交金额占比近一年相对交易集中度 1.26,fact,[],一级行业交易热度.传媒,1.26,,0.9,2026-09-11 16:26:36.900087+00:00,1.26,,2026-09-05
1612,2026-09-05_b7e932c8,20,20,一级行业交易热度.机械设备 成交金额占比近一年相对交易集中度 1.07,fact,[],一级行业交易热度.机械设备,1.07,,0.9,2026-09-11 16:26:36.900087+00:00,1.07,,2026-09-05
1613,2026-09-05_b7e932c8,21,21,TMT板块交易热度持续回落，成交金额占比回落至40%,fact,[],TMT.成交金额占比,40%,,0.9,2026-09-11 16:26:47.314428+00:00,40,%,2026-09-05
1614,2026-09-05_b7e932c8,23,23,农产品加工相对交易集中度达3.08,fact,[],农产品加工.相对交易集中度,3.08,,0.9,2026-09-11 16:30:46.981293+00:00,3.08,,2026-09-05
1615,2026-09-05_b7e932c8,23,23,调味发酵品相对交易集中度达1.70,fact,[],调味发酵品.相对交易集中度,1.70,,0.9,2026-09-11 16:30:46.981293+00:00,1.70,,2026-09-05
1616,2026-09-05_b7e932c8,23,23,涨跌幅.光伏设备 近一周变化 -4.2%,fact,[],涨跌幅.光伏设备,-4.2%,,0.9,2026-09-11 16:30:46.981293+00:00,-4.2,%,2026-09-05
1617,2026-09-05_b7e932c8,23,23,换手率.光伏设备 近一年相对换手率 0.51,fact,[],换手率.光伏设备,0.51,,0.9,2026-09-11 16:30:46.981293+00:00,0.51,,2026-09-05
1618,2026-09-05_b7e932c8,23,23,成交金额占比.光伏设备 近一年相对交易集中度 0.56,fact,[],成交金额占比.光伏设备,0.56,,0.9,2026-09-11 16:30:46.981293+00:00,0.56,,2026-09-05
1619,2026-09-05_b7e932c8,23,23,涨跌幅.风电设备 近一周变化 -0.4%,fact,[],涨跌幅.风电设备,-0.4%,,0.9,2026-09-11 16:30:46.981293+00:00,-0.4,%,2026-09-05
1620,2026-09-05_b7e932c8,23,23,换手率.风电设备 本周5年分位 42.3%,fact,[],换手率.风电设备,42.3%,,0.9,2026-09-11 16:30:46.981293+00:00,42.3,%,2026-09-05
1621,2026-09-06_00f08e66,3,3,根据SEMI 预测，全球半导体测试设备销售额预计于2026 年同比增长31.0%至153 亿美元,forecast,[],半导体测试设备.销售额,153 亿美元,2026,0.9,2026-09-11 16:31:15.418654+00:00,153,亿美元,2026-09-06
1622,2026-09-06_00f08e66,3,3,全球半导体测试设备销售额预计于2028 年达到208 亿美元,forecast,[],半导体测试设备.销售额,208 亿美元,2028,0.9,2026-09-11 16:31:15.418654+00:00,208,亿美元,2026-09-06
1623,2026-09-06_00f08e66,3,3,2025—2028 年复合增速约21%,forecast,[],半导体测试设备.销售额复合增速,约21%,2025-2028,0.9,2026-09-11 16:31:15.418654+00:00,,,2026-09-06
1624,2026-09-06_00f08e66,3,3,ARM 架构下MLCC 容值规格提高，其中1u 以上MLCC 用量占总用量近八成,fact,[],MLCC.用量占比,近八成,,0.7,2026-09-11 16:31:15.418654+00:00,,,2026-09-06
1625,2026-09-06_00f08e66,3,3,每台WoA 笔电MLCC 总价大幅提高到5.5~6.5 美金,fact,[],MLCC.单机价值量,5.5~6.5 美金/台,,0.7,2026-09-11 16:31:15.418654+00:00,5.5,~6.5 美金/台,2026-09-06
1626,2026-09-06_00f08e66,4,4,3 月电视、显示器面板价格变动0.1/0.1 美金,fact,[],LCD面板.价格,0.1/0.1 美金,,0.85,2026-09-11 16:32:02.136836+00:00,0.1,/0.1 美金,2026-09-06
1627,2026-09-06_00f08e66,4,4,TrendForce 集邦咨询调整第四季一般型价格预估，涨幅从先前的8-13%，上修至18-23%，并且很有可能再度上修,forecast,[],DRAM.价格,涨幅上修至18-23%,2025Q4,0.85,2026-09-11 16:32:02.136836+00:00,,,2026-09-06
1628,2026-09-06_00f08e66,4,4,英伟达指引FY28 收入增长70%,forecast,[],英伟达.收入增速,70%,FY2028,0.85,2026-09-11 16:32:02.136836+00:00,70,%,2026-09-06
1629,2026-09-06_00f08e66,4,4,"2026 年上半年，公司实现营业收入1,503.10 亿元",fact,[],长鑫科技.营业收入,"1,503.10 亿元",2026H1,0.95,2026-09-11 16:32:02.136836+00:00,1503.10,亿元,2026-08-28
1630,2026-09-06_00f08e66,4,4,2026 年上半年，归属于母公司净利润达776.05 亿元,fact,[],长鑫科技.归母净利润,776.05 亿元,2026H1,0.95,2026-09-11 16:32:02.136836+00:00,776.05,亿元,2026-08-28
1631,2026-09-06_00f08e66,4,4,净利润率高达51.6%，创历史新高,fact,[],长鑫科技.净利润率,51.6%,2026H1,0.95,2026-09-11 16:32:02.136836+00:00,51.6,%,2026-08-28
1632,2026-09-06_00f08e66,4,4,毛利率达84.84%，显著高于行业均值,fact,[],长鑫科技.毛利率,84.84%,2026H1,0.95,2026-09-11 16:32:02.136836+00:00,84.84,%,2026-08-28
1633,2026-09-06_00f08e66,4,4,"拥有境内专利4,484 项（含发明专利3,744 项）及境外专利3,400 项",fact,[],长鑫科技.专利数量,"境内4,484 项（含发明专利3,744 项）、境外3,400 项",,0.85,2026-09-11 16:32:02.136836+00:00,,,2026-09-06
1634,2026-09-06_00f08e66,4,4,2026 年上半年，公司实现营业收入约66.91 亿元，同比增长34.89%,fact,[],中微公司.营业收入,约66.91 亿元，同比增长34.89%,2026H1,0.95,2026-09-11 16:32:02.136836+00:00,,,2026-09-06
1635,2026-09-06_00f08e66,5,5,2026H1 实现营业收入28.28 亿元，同比增长15.15%,fact,[],天孚通信.营业收入,28.28 亿元,2026H1,0.95,2026-09-11 16:33:55.783049+00:00,28.28,亿元,2026-08-19
1636,2026-09-06_00f08e66,5,5,实现归母净利润12.04 亿元，同比增长33.92%,fact,[],天孚通信.归母净利润,12.04 亿元,2026H1,0.95,2026-09-11 16:33:55.783049+00:00,12.04,亿元,2026-08-19
1637,2026-09-06_00f08e66,5,5,扣非归母净利润11.86 亿元，同比增长36.76%,fact,[],天孚通信.扣非归母净利润,11.86 亿元,2026H1,0.95,2026-09-11 16:33:55.783049+00:00,11.86,亿元,2026-08-19
1638,2026-09-06_00f08e66,5,5,2026H1 公司实现毛利17.21 亿元，同比增长38.05%,fact,[],天孚通信.毛利,17.21 亿元,2026H1,0.95,2026-09-11 16:33:55.783049+00:00,17.21,亿元,2026-08-19
1639,2026-09-06_00f08e66,5,5,综合毛利率60.87%，同比提升10.08pct,fact,[],天孚通信.毛利率,60.87%,2026H1,0.95,2026-09-11 16:33:55.783049+00:00,60.87,%,2026-08-19
1640,2026-09-06_00f08e66,5,5,2026H1 公司无源光器件实现收入15.30 亿元，同比增长77.40%,fact,[],天孚通信.无源光器件收入,15.30 亿元,2026H1,0.95,2026-09-11 16:33:55.783049+00:00,15.30,亿元,2026-08-19
1641,2026-09-06_00f08e66,5,5,无源光器件毛利率71.90%，同比提升8.33pct,fact,[],天孚通信.无源光器件毛利率,71.90%,2026H1,0.95,2026-09-11 16:33:55.783049+00:00,71.90,%,2026-08-19
1642,2026-09-06_00f08e66,5,5,有源光器件实现收入12.60 亿元，同比下降19.57%,fact,[],天孚通信.有源光器件收入,12.60 亿元,2026H1,0.95,2026-09-11 16:33:55.783049+00:00,12.60,亿元,2026-08-19
1643,2026-09-06_00f08e66,5,5,有源光器件毛利率47.03%，同比提升3.67pct,fact,[],天孚通信.有源光器件毛利率,47.03%,2026H1,0.95,2026-09-11 16:33:55.783049+00:00,47.03,%,2026-08-19
1644,2026-09-06_00f08e66,5,5,公司光互连元器件实现收入27.90 亿元，同比增长14.87%,fact,[],天孚通信.光互连元器件收入,27.90 亿元,2026H1,0.95,2026-09-11 16:33:55.783049+00:00,27.90,亿元,2026-08-19
1645,2026-09-06_00f08e66,5,5,销量1.35 亿个，同比增长6.48%,fact,[],天孚通信.销量,1.35 亿个,2026H1,0.95,2026-09-11 16:33:55.783049+00:00,1.35,亿个,2026-08-19
1646,2026-09-06_00f08e66,5,5,FY27Q2 公司实现营收962 亿美元，同比+18%,fact,[],英伟达.营业收入,962 亿美元,FY27Q2,0.95,2026-09-11 16:33:55.783049+00:00,962,亿美元,2026-08-27
1647,2026-09-06_00f08e66,5,5,实现GAAP 毛利率75.0%,fact,[],英伟达.GAAP毛利率,75.0%,FY27Q2,0.95,2026-09-11 16:33:55.783049+00:00,75.0,%,2026-08-27
1648,2026-09-06_00f08e66,5,5,GAAP 净利润597 亿美元，同比+126%,fact,[],英伟达.GAAP净利润,597 亿美元,FY27Q2,0.95,2026-09-11 16:33:55.783049+00:00,597,亿美元,2026-08-27
1649,2026-09-06_00f08e66,5,5,FY27Q2 公司Non-GAAP 毛利率为75.0%,fact,[],英伟达.Non-GAAP毛利率,75.0%,FY27Q2,0.95,2026-09-11 16:33:55.783049+00:00,75.0,%,2026-08-27
1650,2026-09-06_00f08e66,5,5,Non-GAAP 净利润为540 亿美元，同比+118%,fact,[],英伟达.Non-GAAP净利润,540 亿美元,FY27Q2,0.95,2026-09-11 16:33:55.783049+00:00,540,亿美元,2026-08-27
1651,2026-09-06_00f08e66,5,5,公司预计FY27Q3 收入为1080 亿美元（±2%）,forecast,[],英伟达.收入,1080 亿美元（±2%）,FY27Q3,0.9,2026-09-11 16:33:55.783049+00:00,1080,亿美元（±2%）,2026-08-27
1652,2026-09-06_00f08e66,5,5,GAAP/Non-GAAP 毛利率预计均为74.0±0.5%,forecast,[],英伟达.毛利率,74.0±0.5%,FY27Q3,0.9,2026-09-11 16:33:55.783049+00:00,74.0,±0.5%,2026-08-27
1653,2026-09-06_00f08e66,5,5,公司预计FY28 收入有望实现70%同比增长,forecast,[],英伟达.收入增速,70%,FY28,0.85,2026-09-11 16:33:55.783049+00:00,70,%,2026-08-27
1654,2026-09-06_00f08e66,5,5,客户需求有望实现翻倍增长,forecast,[],英伟达.客户需求增速,翻倍,,0.7,2026-09-11 16:33:55.783049+00:00,,,2026-08-27
1655,2026-09-06_00f08e66,5,5,目前供给能力仅能较有把握支持70%,forecast,[],英伟达.供给能力,70%,,0.7,2026-09-11 16:33:55.783049+00:00,70,%,2026-08-27
1656,2026-09-06_00f08e66,5,5,单个agent 所需的算力有望达到人直接使用AI 的15~100 倍,forecast,[],AI Agent.算力需求,15~100 倍,,0.7,2026-09-11 16:33:55.783049+00:00,15,~100 倍,2026-08-27
1657,2026-09-06_00f08e66,5,5,公司预计前五大大型云厂商26 年CAPEX 将接近8000 亿美元,forecast,[],大型云厂商.CAPEX,接近8000 亿美元,2026,0.85,2026-09-11 16:33:55.783049+00:00,,,2026-08-27
1658,2026-09-06_00f08e66,5,5,27 年有望达到1.3 万亿美元,forecast,[],大型云厂商.CAPEX,1.3 万亿美元,2027,0.85,2026-09-11 16:33:55.783049+00:00,1.3,万亿美元,2026-08-27
1659,2026-09-06_00f08e66,5,5,公司FY27Q2 数据中心收入达到约890 亿美元，同比+117%,fact,[],英伟达.数据中心收入,约890 亿美元,FY27Q2,0.95,2026-09-11 16:33:55.783049+00:00,,,2026-08-27
1660,2026-09-06_00f08e66,5,5,其中来自大型云厂商的收入为490 亿美元,fact,[],英伟达.大型云厂商收入,490 亿美元,FY27Q2,0.9,2026-09-11 16:33:55.783049+00:00,490,亿美元,2026-08-27
1661,2026-09-06_00f08e66,5,5,来自ACI&E 客户（Neocloud、企业、工业等）收入约400 亿美元,fact,[],英伟达.ACI&E客户收入,约400 亿美元,FY27Q2,0.9,2026-09-11 16:33:55.783049+00:00,,,2026-08-27
1662,2026-09-06_00f08e66,5,5,FY27Q3 Vera Rubin 有望贡献数据中心收入的20%,forecast,[],英伟达.Vera Rubin数据中心收入占比,20%,FY27Q3,0.8,2026-09-11 16:33:55.783049+00:00,20,%,2026-08-27
1663,2026-09-06_00f08e66,5,5,公司单GW 数据中心可获得的收入也从Grace Blackwell 的250 亿美元，有望在Vera Rubin 平台提升至400 亿美元,forecast,[],英伟达.单GW数据中心收入,250 亿美元提升至400 亿美元,,0.8,2026-09-11 16:33:55.783049+00:00,250,亿美元提升至400 亿美元,2026-08-27
1664,2026-09-06_00f08e66,5,5,公司网络收入FY27Q2 环比增长18%,fact,[],英伟达.网络收入增速,环比+18%,FY27Q2,0.9,2026-09-11 16:33:55.783049+00:00,,,2026-08-27
1665,2026-09-06_00f08e66,5,5,Grace CPU TTM 收入以及超过50 亿美元,fact,[],英伟达.Grace CPU收入,超过50 亿美元,TTM,0.85,2026-09-11 16:33:55.783049+00:00,,,2026-08-27
1666,2026-09-06_00f08e66,5,5,预计FY28 CPU 收入有望实现超翻倍增长,forecast,[],英伟达.CPU收入增速,超翻倍,FY28,0.75,2026-09-11 16:33:55.783049+00:00,,,2026-08-27
1667,2026-09-06_00f08e66,5,5,26Q2 公司实现营收402.01 亿美元，同比+36%,fact,[],台积电.营业收入,402.01 亿美元,26Q2,0.95,2026-09-11 16:33:55.783049+00:00,402.01,亿美元,2026-07-16
1668,2026-09-06_00f08e66,5,5,公司26Q2 毛利率为67.7%，环比+1.5pcts，同比+9.1pcts,fact,[],台积电.毛利率,67.7%,26Q2,0.95,2026-09-11 16:33:55.783049+00:00,67.7,%,2026-07-16
1669,2026-09-06_00f08e66,5,5,实现净利润223.66 亿美元，同比+77.8%,fact,[],台积电.净利润,223.66 亿美元,26Q2,0.95,2026-09-11 16:33:55.783049+00:00,223.66,亿美元,2026-07-16
1670,2026-09-06_00f08e66,5,5,公司指引26Q3 收入为446~458 亿美元，中枢同比+37%，环比+12%,forecast,[],台积电.收入,446~458 亿美元,26Q3,0.9,2026-09-11 16:33:55.783049+00:00,446,~458 亿美元,2026-07-16
1671,2026-09-06_00f08e66,5,5,公司预计全年美元计价营收增长略超40%,forecast,[],台积电.营收增速,略超40%,2026,0.85,2026-09-11 16:33:55.783049+00:00,,,2026-07-16
1672,2026-09-06_00f08e66,5,5,全年CAPEX 为600~640 亿美元,forecast,[],台积电.CAPEX,600~640 亿美元,2026,0.9,2026-09-11 16:33:55.783049+00:00,600,~640 亿美元,2026-07-16
1673,2026-09-06_00f08e66,5,5,公司26Q2 资本开支约157 亿美元,fact,[],台积电.资本开支,约157 亿美元,26Q2,0.9,2026-09-11 16:33:55.783049+00:00,,,2026-07-16
1674,2026-09-06_00f08e66,5,5,上调全年资本开支至600~640 亿美元，其中70%至80%用于先进制程，10%用于特色制程，10%至20%用于先进封装、测试、光罩及其他环节,forecast,[],台积电.CAPEX结构,先进制程70%~80%、特色制程10%、先进封装等10%~20%,2026,0.8,2026-09-11 16:33:55.783049+00:00,,,2026-07-16
1675,2026-09-06_00f08e66,5,5,26Q2 公司7nm 以及更先进制程收入占晶圆收入比例达到77%,fact,[],台积电.先进制程收入占比,77%,26Q2,0.95,2026-09-11 16:33:55.783049+00:00,77,%,2026-07-16
1676,2026-09-06_00f08e66,5,5,2nm 已经开始贡献收入，占比3%,fact,[],台积电.2nm收入占比,3%,26Q2,0.9,2026-09-11 16:33:55.783049+00:00,3,%,2026-07-16
1677,2026-09-06_00f08e66,5,5,公司预计未来五年AI 收入增速的CAGR 有望高于之前所指引的55~60%,forecast,[],台积电.AI收入CAGR,高于55~60%,未来五年,0.8,2026-09-11 16:33:55.783049+00:00,,,2026-07-16
1678,2026-09-06_00f08e66,5,5,26Q2 公司实现营收47 亿美元，同比+62%,fact,[],天弘科技.营业收入,47 亿美元,26Q2,0.95,2026-09-11 16:33:55.783049+00:00,47,亿美元,2026-07-28
1679,2026-09-06_00f08e66,5,5,26Q2 公司GAAP 毛利率为12.3%,fact,[],天弘科技.GAAP毛利率,12.3%,26Q2,0.95,2026-09-11 16:33:55.783049+00:00,12.3,%,2026-07-28
1680,2026-09-06_00f08e66,5,5,Non-GAAP 毛利率为11.5%,fact,[],天弘科技.Non-GAAP毛利率,11.5%,26Q2,0.95,2026-09-11 16:33:55.783049+00:00,11.5,%,2026-07-28
1681,2026-09-06_00f08e66,5,5,公司GAAP 净利润为3.69 亿美元，同比+75%,fact,[],天弘科技.GAAP净利润,3.69 亿美元,26Q2,0.95,2026-09-11 16:33:55.783049+00:00,3.69,亿美元,2026-07-28
1682,2026-09-06_00f08e66,5,5,Non-GAAP 净利润为2.95 亿美元，同比+83%,fact,[],天弘科技.Non-GAAP净利润,2.95 亿美元,26Q2,0.95,2026-09-11 16:33:55.783049+00:00,2.95,亿美元,2026-07-28
1683,2026-09-06_00f08e66,5,5,公司预计26Q3 收入为52.5~55.5 亿美元,forecast,[],天弘科技.收入,52.5~55.5 亿美元,26Q3,0.9,2026-09-11 16:33:55.783049+00:00,52.5,~55.5 亿美元,2026-07-28
1684,2026-09-06_00f08e66,5,5,26Q3 Non-GAAP EPS 为2.88~3.08 美元,forecast,[],天弘科技.Non-GAAP EPS,2.88~3.08 美元,26Q3,0.9,2026-09-11 16:33:55.783049+00:00,2.88,~3.08 美元,2026-07-28
1685,2026-09-06_00f08e66,5,5,公司预计2026 年营收为205 亿美元,forecast,[],天弘科技.营收,205 亿美元,2026,0.9,2026-09-11 16:33:55.783049+00:00,205,亿美元,2026-07-28
1686,2026-09-06_00f08e66,5,5,2026 年Non-GAAP EPS 为11.30 美元,forecast,[],天弘科技.Non-GAAP EPS,11.30 美元,2026,0.9,2026-09-11 16:33:55.783049+00:00,11.30,美元,2026-07-28
1687,2026-09-06_00f08e66,5,5,公司预计2027 年营收有望加速，超过2026 年的65%的营收同比增速,forecast,[],天弘科技.营收增速,65%,2026,0.8,2026-09-11 16:33:55.783049+00:00,65,%,2026-07-28
1688,2026-09-06_00f08e66,5,5,公司连接与云端解决方案（CCS）业务收入达38.1 亿美元，同比+84%,fact,[],天弘科技.CCS业务收入,38.1 亿美元,26Q2,0.95,2026-09-11 16:33:55.783049+00:00,38.1,亿美元,2026-07-28
1689,2026-09-06_00f08e66,5,5,通信终端市场收入达到26.5 亿美元，同比+62%,fact,[],天弘科技.通信终端市场收入,26.5 亿美元,26Q2,0.95,2026-09-11 16:33:55.783049+00:00,26.5,亿美元,2026-07-28
1690,2026-09-06_00f08e66,5,5,企业终端市场收入达11.6 亿美元，同比+167%,fact,[],天弘科技.企业终端市场收入,11.6 亿美元,26Q2,0.95,2026-09-11 16:33:55.783049+00:00,11.6,亿美元,2026-07-28
1691,2026-09-06_00f08e66,5,5,公司预计26Q3 通信终端市场收入同比增长约60%,forecast,[],天弘科技.通信终端市场收入增速,约60%,26Q3,0.85,2026-09-11 16:33:55.783049+00:00,,,2026-07-28
1692,2026-09-06_00f08e66,5,5,企业终端市场收入同比增长约190%,forecast,[],天弘科技.企业终端市场收入增速,约190%,26Q3,0.85,2026-09-11 16:33:55.783049+00:00,,,2026-07-28
1693,2026-09-06_00f08e66,5,5,公司全年CAPEX 维持之前指引，预计26 年为10 亿美元,forecast,[],天弘科技.CAPEX,10 亿美元,2026,0.85,2026-09-11 16:33:55.783049+00:00,10,亿美元,2026-07-28
1694,2026-09-06_00f08e66,6,6,品牌消费电子涨跌幅2.18%,fact,[],品牌消费电子.涨跌幅,2.18%,2026-08-31~2026-09-04,0.9,2026-09-11 16:34:33.360307+00:00,2.18,%,2026-09-04
1695,2026-09-06_00f08e66,6,6,LED涨跌幅-0.51%,fact,[],LED.涨跌幅,-0.51%,2026-08-31~2026-09-04,0.9,2026-09-11 16:34:33.360307+00:00,-0.51,%,2026-09-04
1696,2026-09-06_00f08e66,6,6,模拟芯片设计涨跌幅-1.39%,fact,[],模拟芯片设计.涨跌幅,-1.39%,2026-08-31~2026-09-04,0.9,2026-09-11 16:34:33.360307+00:00,-1.39,%,2026-09-04
1697,2026-09-06_00f08e66,6,6,半导体设备涨跌幅-9.10%,fact,[],半导体设备.涨跌幅,-9.10%,2026-08-31~2026-09-04,0.9,2026-09-11 16:34:33.360307+00:00,-9.10,%,2026-09-04
1698,2026-09-06_00f08e66,6,6,半导体材料涨跌幅-9.12%,fact,[],半导体材料.涨跌幅,-9.12%,2026-08-31~2026-09-04,0.9,2026-09-11 16:34:33.360307+00:00,-9.12,%,2026-09-04
1699,2026-09-06_00f08e66,6,6,电子化学品III涨跌幅-9.18%,fact,[],电子化学品III.涨跌幅,-9.18%,2026-08-31~2026-09-04,0.9,2026-09-11 16:34:33.360307+00:00,-9.18,%,2026-09-04
1700,2026-09-06_00f08e66,6,6,鸿富瀚涨幅26.55%,fact,[],鸿富瀚.涨跌幅,26.55%,2026-08-31~2026-09-04,0.9,2026-09-11 16:34:33.360307+00:00,26.55,%,2026-09-04
1701,2026-09-06_00f08e66,6,6,爱克股份涨幅24.91%,fact,[],爱克股份.涨跌幅,24.91%,2026-08-31~2026-09-04,0.9,2026-09-11 16:34:33.360307+00:00,24.91,%,2026-09-04
1702,2026-09-06_00f08e66,6,6,捷荣技术涨幅22.61%,fact,[],捷荣技术.涨跌幅,22.61%,2026-08-31~2026-09-04,0.9,2026-09-11 16:34:33.360307+00:00,22.61,%,2026-09-04
1703,2026-09-06_00f08e66,6,6,灿瑞科技涨幅19.65%,fact,[],灿瑞科技.涨跌幅,19.65%,2026-08-31~2026-09-04,0.9,2026-09-11 16:34:33.360307+00:00,19.65,%,2026-09-04
1704,2026-09-06_00f08e66,6,6,领先股份涨幅18.84%,fact,[],领先股份.涨跌幅,18.84%,2026-08-31~2026-09-04,0.9,2026-09-11 16:34:33.360307+00:00,18.84,%,2026-09-04
1705,2026-09-06_00f08e66,6,6,中科飞测跌幅-17.33%,fact,[],中科飞测.涨跌幅,-17.33%,2026-08-31~2026-09-04,0.9,2026-09-11 16:34:33.360307+00:00,-17.33,%,2026-09-04
1706,2026-09-06_00f08e66,6,6,华亚智能跌幅-17.43%,fact,[],华亚智能.涨跌幅,-17.43%,2026-08-31~2026-09-04,0.9,2026-09-11 16:34:33.360307+00:00,-17.43,%,2026-09-04
1707,2026-09-06_00f08e66,6,6,燕东微跌幅-17.97%,fact,[],燕东微.涨跌幅,-17.97%,2026-08-31~2026-09-04,0.9,2026-09-11 16:34:33.360307+00:00,-17.97,%,2026-09-04
1708,2026-09-06_00f08e66,6,6,菲沃泰跌幅-18.92%,fact,[],菲沃泰.涨跌幅,-18.92%,2026-08-31~2026-09-04,0.9,2026-09-11 16:34:33.360307+00:00,-18.92,%,2026-09-04
1709,2026-09-06_00f08e66,6,6,经纬辉开跌幅-21.95%,fact,[],经纬辉开.涨跌幅,-21.95%,2026-08-31~2026-09-04,0.9,2026-09-11 16:34:33.360307+00:00,-21.95,%,2026-09-04
1710,2026-09-06_06f75705,7,7,标普500指数持仓仍处于第92百分位的超买区间,fact,[],标普500.持仓分位,第92百分位,,0.9,2026-09-11 16:35:24.753801+00:00,,,2026-09-06
1711,2026-09-06_06f75705,7,7,FX positioning remains crowded long U.S. Dollar (*92 percentile),fact,[],美元.持仓分位,92百分位,,0.9,2026-09-11 16:35:24.753801+00:00,92,百分位,2026-09-06
1712,2026-09-06_06f75705,8,8,外汇持仓 仍为拥挤的美元多头（*第92百分位）,fact,[],美元.持仓百分位,第92百分位,,0.8,2026-09-11 16:35:34.109718+00:00,,,2026-09-06
1713,2026-09-06_06f75705,14,14,SPY 在牛市旗形通道阻力位受阻，下方有两个跳空缺口：分别位于 $765 和 $757（50日均线现已追平此处）,fact,[],SPY.缺口,$765 和 $757,,0.85,2026-09-11 16:36:56.196944+00:00,,,2026-09-06
1714,2026-09-06_06f75705,14,14,9月16日 — FOMC会议 + VIX期货到期,fact,[],宏观.事件,9月16日,,0.6,2026-09-11 16:36:56.196944+00:00,9,月16日,2026-09-06
1715,2026-09-06_06f75705,14,14,"QQQ 上方在 $730（NDX 30,000）存在缺口，短期内仍可能发挥作用",fact,[],QQQ.缺口,$730,,0.85,2026-09-11 16:36:56.196944+00:00,,,2026-09-06
1716,2026-09-06_06f75705,14,14,$700 缺口也可能在区间交易中受到测试,forecast,[],QQQ.缺口,$700,,0.7,2026-09-11 16:36:56.196944+00:00,,,2026-09-06
1717,2026-09-06_06f75705,17,17,短期内，本周似乎有望触及约575美元的50日均线/下降趋势线——这将是一次重要考验,forecast,[],半导体.价格,约575美元,,0.7,2026-09-11 16:37:08.737189+00:00,,,2026-09-06
1719,2026-09-06_06f75705,20,20,本周VIX跌破14，这是过去一年中两次触底的价位——正在关注潜在反转信号,fact,[],VIX.点位,14,,0.9,2026-09-11 16:37:29.415299+00:00,14,,2026-09-06
1720,2026-09-06_06f75705,21,21,股市已连续27天未出现1%的跌幅,fact,[],股市.连续无1%跌幅天数,27天,,0.9,2026-09-11 16:37:46.950974+00:00,27,天,2026-09-06
1721,2026-09-06_06f75705,25,25,白银仍处于区间震荡，50日均线现位于62美元,fact,[],白银.50日均线,62美元,,0.9,2026-09-11 16:38:31.299616+00:00,62,美元,2026-09-06
1722,2026-09-06_06f75705,25,25,GDX在20日均线处小幅反弹后正在盘整。这理应向上突破，目标区间在107-115美元,forecast,[],GDX.目标价,107-115美元,,0.8,2026-09-11 16:38:31.299616+00:00,107,-115美元,2026-09-06
1723,2026-09-06_06f75705,27,27,50日均线几乎追平5.20%的关口,fact,[],30年期美债.收益率关口,5.20%,,0.8,2026-09-11 16:38:53.594993+00:00,5.20,%,2026-09-06
1724,2026-09-06_06f75705,27,27,若美元指数（DXY）测试100关口，将提供一个极度不对称的卖出布局,forecast,[],美元指数.点位,100,,0.8,2026-09-11 16:38:53.594993+00:00,100,,2026-09-06
1725,2026-09-06_06f75705,28,28,日本央行下一次利率决议将于9月18日举行，比美联储会议晚两天,fact,[],日本央行.利率决议日期,9月18日,,0.8,2026-09-11 16:39:09.656889+00:00,9,月18日,2026-09-06
1726,2026-09-06_0c25f0e9,3,3,规划最高配置 10 万张 GPU,fact,[],Figure.GPU配置规模,10 万张,,0.9,2026-09-11 16:40:33.520885+00:00,10,万张,2026-09-06
1727,2026-09-06_0c25f0e9,3,3,双方意向后续扩大至超 60 亿美元（约 403 亿元）,fact,[],Figure.算力采购规模,超 60 亿美元（约 403 亿元）,,0.8,2026-09-11 16:40:33.520885+00:00,,,2026-09-06
1728,2026-09-06_0c25f0e9,3,3,首批部署预计于 2027 年下半年在得克萨斯州巴斯托启动,forecast,[],Figure.首批部署时间,2027 年下半年,2027H2,0.8,2026-09-11 16:40:33.520885+00:00,2027,年下半年,2026-09-06
1729,2026-09-06_0c25f0e9,3,3,其上周发布的 Index 数据集已覆盖超 1600 万段视频，应用于 108 个国家和地区,fact,[],Figure.数据集规模,超 1600 万段视频,,0.9,2026-09-11 16:40:33.520885+00:00,,,2026-09-06
1730,2026-09-06_0c25f0e9,3,3,在 640 次真机实验中，DELE-w0.5 取得 62.5% 的完整任务成功率,fact,[],深度跃迁.任务成功率,62.5%,,0.9,2026-09-11 16:40:33.520885+00:00,62.5,%,2026-09-06
1731,2026-09-06_0c25f0e9,3,3,在 640 次真机实验中，DELE-w0.5 取得 81.3% 的平均阶段进度,fact,[],深度跃迁.平均阶段进度,81.3%,,0.9,2026-09-11 16:40:33.520885+00:00,81.3,%,2026-09-06
1732,2026-09-06_0c25f0e9,3,3,像素级相机可控生成（最高 1440p、1 分钟视频）,fact,[],Atlas.视频生成规格,最高 1440p、1 分钟视频,,0.7,2026-09-11 16:40:33.520885+00:00,,,2026-09-06
1733,2026-09-06_0c25f0e9,3,3,量产主力机型 E6 整机重 370g,fact,[],创维XR.整机重量,370g,,0.9,2026-09-11 16:40:33.520885+00:00,370,g,2026-09-06
1734,2026-09-06_0c25f0e9,3,3,实测 26 条轨迹位置平均误差 2.1mm,fact,[],创维XR.位置平均误差,2.1mm,,0.9,2026-09-11 16:40:33.520885+00:00,2.1,mm,2026-09-06
1735,2026-09-06_0c25f0e9,3,3,实测 26 条轨迹角度平均误差 1.06°,fact,[],创维XR.角度平均误差,1.06°,,0.9,2026-09-11 16:40:33.520885+00:00,1.06,°,2026-09-06
1736,2026-09-06_0c25f0e9,3,3,高端机型 E8 支持 9 路画面同步采集,fact,[],创维XR.画面采集路数,9 路,,0.9,2026-09-11 16:40:33.520885+00:00,9,路,2026-09-06
1737,2026-09-06_0c25f0e9,3,3,高端机型 E8 视场角 270°,fact,[],创维XR.视场角,270°,,0.9,2026-09-11 16:40:33.520885+00:00,270,°,2026-09-06
1738,2026-09-06_0c25f0e9,3,3,硬件底层缺陷后期修复成本是前端管控的 8-10 倍,fact,[],机器人.缺陷修复成本倍数,8-10 倍,,0.8,2026-09-11 16:40:33.520885+00:00,8,-10 倍,2026-09-06
1739,2026-09-06_0c25f0e9,3,3,HuggingFace 发布 399 美元平价款机器鸭 Microduck,fact,[],HuggingFace.产品定价,399 美元,,0.9,2026-09-11 16:40:33.520885+00:00,399,美元,2026-09-06
1740,2026-09-06_0c25f0e9,3,3,预售 24 小时订单总额超 260 万美元,fact,[],HuggingFace.预售订单总额,超 260 万美元,,0.9,2026-09-11 16:40:33.520885+00:00,,,2026-09-06
1741,2026-09-06_0c25f0e9,3,3,Microduck 高约 25cm、重不到 800g,fact,[],HuggingFace.机身规格,高约 25cm、重不到 800g,,0.9,2026-09-11 16:40:33.520885+00:00,,,2026-09-06
1742,2026-09-06_0c25f0e9,3,3,全身 15 个自由度,fact,[],HuggingFace.自由度,15 个,,0.9,2026-09-11 16:40:33.520885+00:00,15,个,2026-09-06
1743,2026-09-06_0c25f0e9,3,3,发布后平均约每 4 秒售出一台,fact,[],HuggingFace.销售速度,约每 4 秒售出一台,,0.8,2026-09-11 16:40:33.520885+00:00,,,2026-09-06
1744,2026-09-06_0c25f0e9,4,4,马斯克在 9 月 1 日 G20 创新部长级会议上表示，未来十年全球将至少部署 10 亿台人形机器人,forecast,[],人形机器人.部署量,至少 10 亿台,未来十年,0.8,2026-09-11 16:41:31.665442+00:00,,,2026-09-06
1745,2026-09-06_0c25f0e9,4,4,单台产出约相当于 5 个普通人,forecast,[],人形机器人.单台产出当量,约 5 个普通人,,0.7,2026-09-11 16:41:31.665442+00:00,,,2026-09-06
1746,2026-09-06_0c25f0e9,4,4,AI 芯片电力供给跟不上，2027 年或现至少 15GW 缺口,forecast,[],AI芯片.电力缺口,至少 15GW,2027,0.75,2026-09-11 16:41:31.665442+00:00,,,2026-09-06
1747,2026-09-06_0c25f0e9,4,4,特斯拉 Optimus 供应链正为年底周产 2500 台做准备,forecast,[],人形机器人.周产量,2500 台,2026年底,0.7,2026-09-11 16:41:31.665442+00:00,2500,台,2026-09-06
1748,2026-09-06_0c25f0e9,4,4,大圣 1 采用 4 指、11 主动自由度设计,fact,[],灵巧手.主动自由度,11 个主动自由度,,0.85,2026-09-11 16:41:31.665442+00:00,11,个主动自由度,2026-09-06
1749,2026-09-06_0c25f0e9,4,4,单手勾握负载 ≥24kg,fact,[],灵巧手.负载,≥24kg,,0.85,2026-09-11 16:41:31.665442+00:00,,,2026-09-06
1750,2026-09-06_0c25f0e9,4,4,重复定位精度 ≤0.03mm,fact,[],灵巧手.重复定位精度,≤0.03mm,,0.85,2026-09-11 16:41:31.665442+00:00,,,2026-09-06
1751,2026-09-06_0c25f0e9,4,4,指尖力 ≥18N,fact,[],灵巧手.指尖力,≥18N,,0.85,2026-09-11 16:41:31.665442+00:00,,,2026-09-06
1752,2026-09-06_0c25f0e9,4,4,控制频率 100Hz 以上,fact,[],灵巧手.控制频率,100Hz 以上,,0.85,2026-09-11 16:41:31.665442+00:00,100,Hz 以上,2026-09-06
1753,2026-09-06_0c25f0e9,4,4,美敦力将向康诺思腾战略投资约 7 亿美元（约 47 亿元）,fact,[],手术机器人.战略投资金额,约 7 亿美元（约 47 亿元）,,0.85,2026-09-11 16:41:31.665442+00:00,,,2026-09-06
1754,2026-09-06_0c25f0e9,4,4,本轮战略投资后康诺思腾累计融资总额超 82 亿元,fact,[],手术机器人.累计融资总额,超 82 亿元,,0.85,2026-09-11 16:41:31.665442+00:00,,,2026-09-06
1755,2026-09-06_0c25f0e9,4,4,小米近 20 亿台联网设备可成为 AI 执行主体,fact,[],小米.联网设备数,近 20 亿台,,0.75,2026-09-11 16:41:31.665442+00:00,,,2026-09-06
1756,2026-09-06_0c25f0e9,4,4,小米已积累约 7.6 亿台手机/平板,fact,[],小米.手机平板保有量,约 7.6 亿台,,0.8,2026-09-11 16:41:31.665442+00:00,,,2026-09-06
1757,2026-09-06_0c25f0e9,4,4,小米已积累近 12 亿台 IoT 连接设备,fact,[],小米.IoT连接设备数,近 12 亿台,,0.8,2026-09-11 16:41:31.665442+00:00,,,2026-09-06
1758,2026-09-06_0c25f0e9,5,5,深朴智能完成数亿元 Pre-A+ 轮融资,fact,[],深朴智能.融资金额,数亿元,,0.8,2026-09-11 16:42:36.096758+00:00,,,2026-09-06
1759,2026-09-06_0c25f0e9,5,5,无本体数据生产引擎 HiFi-UMI 已处理超 2 万小时操作数据,fact,[],深朴智能.数据处理量,超 2 万小时,,0.85,2026-09-11 16:42:36.096758+00:00,,,2026-09-06
1760,2026-09-06_0c25f0e9,5,5,HiFi-UMI 引擎在手写轨迹实验中末端误差约 3mm,fact,[],深朴智能.末端误差,约 3mm,,0.85,2026-09-11 16:42:36.096758+00:00,,,2026-09-06
1761,2026-09-06_0c25f0e9,5,5,优宝特完成亿元级 A+ 轮融资,fact,[],优宝特.融资金额,亿元级,,0.8,2026-09-11 16:42:36.096758+00:00,,,2026-09-06
1762,2026-09-06_0c25f0e9,5,5,公司累计融资达数亿元,fact,[],优宝特.累计融资金额,数亿元,,0.7,2026-09-11 16:42:36.096758+00:00,,,2026-09-06
1763,2026-09-06_0c25f0e9,5,5,诺仕机器人完成近亿元 A+ 轮融资,fact,[],诺仕机器人.融资金额,近亿元,,0.85,2026-09-11 16:42:36.096758+00:00,,,2026-09-06
1764,2026-09-06_0c25f0e9,5,5,公司产品直径 1.5mm,fact,[],诺仕机器人.产品直径,1.5mm,,0.85,2026-09-11 16:42:36.096758+00:00,1.5,mm,2026-09-06
1765,2026-09-06_0c25f0e9,5,5,螺母外径 5.5mm,fact,[],诺仕机器人.螺母外径,5.5mm,,0.85,2026-09-11 16:42:36.096758+00:00,5.5,mm,2026-09-06
1766,2026-09-06_0c25f0e9,5,5,重复定位精度 ±0.01mm,fact,[],诺仕机器人.重复定位精度,±0.01mm,,0.85,2026-09-11 16:42:36.096758+00:00,,,2026-09-06
1767,2026-09-06_0c25f0e9,5,5,单根承载力 50N,fact,[],诺仕机器人.单根承载力,50N,,0.85,2026-09-11 16:42:36.096758+00:00,50,N,2026-09-06
1768,2026-09-06_0c25f0e9,5,5,寿命 300 万次,fact,[],诺仕机器人.寿命,300 万次,,0.85,2026-09-11 16:42:36.096758+00:00,300,万次,2026-09-06
1769,2026-09-06_0c25f0e9,5,5,苏州产线年产能 300 万根仍供不应求,fact,[],诺仕机器人.产能,300 万根/年,,0.85,2026-09-11 16:42:36.096758+00:00,300,万根/年,2026-09-06
1770,2026-09-06_0c25f0e9,5,5,年底计划扩至 1000 万根,forecast,[],诺仕机器人.产能,1000 万根,,0.75,2026-09-11 16:42:36.096758+00:00,1000,万根,2026-09-06
1771,2026-09-06_0c25f0e9,5,5,单价从千元级压至百元级,fact,[],诺仕机器人.单价,从千元级压至百元级,,0.7,2026-09-11 16:42:36.096758+00:00,,,2026-09-06
1772,2026-09-06_0c25f0e9,5,5,工至海洋完成近亿元天使轮融资,fact,[],工至海洋.融资金额,近亿元,,0.85,2026-09-11 16:42:36.096758+00:00,,,2026-09-06
1773,2026-09-06_0c25f0e9,5,5,近底扬沙 <10mg/L,fact,[],工至海洋.扬沙浓度,<10mg/L,,0.8,2026-09-11 16:42:36.096758+00:00,,,2026-09-06
1774,2026-09-06_0c25f0e9,5,5,辐射噪声低至 96dB,fact,[],工至海洋.辐射噪声,96dB,,0.85,2026-09-11 16:42:36.096758+00:00,96,dB,2026-09-06
1775,2026-09-06_0c25f0e9,5,5,端到端决策时延 ≤15ms,fact,[],工至海洋.决策时延,≤15ms,,0.85,2026-09-11 16:42:36.096758+00:00,,,2026-09-06
1776,2026-09-06_0c25f0e9,5,5,已通过 1000 米深海实战考验,fact,[],工至海洋.工作深度,1000 米,,0.75,2026-09-11 16:42:36.096758+00:00,1000,米,2026-09-06
1777,2026-09-06_0c25f0e9,5,5,星灿智能完成数千万元天使++ 轮融资,fact,[],星灿智能.融资金额,数千万元,,0.8,2026-09-11 16:42:36.096758+00:00,,,2026-09-06
1778,2026-09-06_0c25f0e9,5,5,智能割草机器人不到半年斩获数十万台订单,fact,[],星灿智能.订单量,数十万台,,0.7,2026-09-11 16:42:36.096758+00:00,,,2026-09-06
1779,2026-09-06_0c25f0e9,5,5,近一年该公司已累计完成四轮融资,fact,[],星灿智能.融资轮次,四轮,,0.75,2026-09-11 16:42:36.096758+00:00,,,2026-09-06
1780,2026-09-06_0c25f0e9,5,5,睿研智控完成数千万元 Pre-A 轮融资,fact,[],睿研智控.融资金额,数千万元,,0.8,2026-09-11 16:42:36.096758+00:00,,,2026-09-06
1781,2026-09-06_0c25f0e9,5,5,公司客户总数超 200 家,fact,[],睿研智控.客户数,超 200 家,,0.85,2026-09-11 16:42:36.096758+00:00,,,2026-09-06
1782,2026-09-06_0c25f0e9,5,5,在具备复购需求的客户群体中复购率超 85%,fact,[],睿研智控.复购率,超 85%,,0.85,2026-09-11 16:42:36.096758+00:00,,,2026-09-06
1783,2026-09-06_0c25f0e9,5,5,产品返修率约 4.8%,fact,[],睿研智控.返修率,约 4.8%,,0.85,2026-09-11 16:42:36.096758+00:00,,,2026-09-06
1784,2026-09-06_0c25f0e9,6,6,产品矩阵可覆盖超 95% 客户场景需求,fact,[],机器人.客户场景覆盖率,超 95%,,0.7,2026-09-11 16:43:05.909257+00:00,,,2026-09-06
1785,2026-09-06_0c25f0e9,6,6,创始人金依力以同一估值出资超百万元跟投,fact,[],机器人.跟投金额,超百万元,,0.6,2026-09-11 16:43:05.909257+00:00,,,2026-09-06
1786,2026-09-06_0c25f0e9,6,6,舜行奇点完成数千万元种子轮融资,fact,[],机器人.融资金额,数千万元,,0.8,2026-09-11 16:43:05.909257+00:00,,,2026-09-06
1787,2026-09-06_0c25f0e9,6,6,其纳米陶瓷铝减速器方案较传统钢制件减重 60%,fact,[],机器人.减速器减重幅度,60%,,0.8,2026-09-11 16:43:05.909257+00:00,60,%,2026-09-06
1788,2026-09-06_0c25f0e9,6,6,关节扭矩密度约 152Nm/kg,fact,[],机器人.关节扭矩密度,约 152Nm/kg,,0.8,2026-09-11 16:43:05.909257+00:00,,,2026-09-06
1789,2026-09-06_0c25f0e9,6,6,公司团队成员平均年龄 24 岁,fact,[],机器人.团队平均年龄,24 岁,,0.7,2026-09-11 16:43:05.909257+00:00,24,岁,2026-09-06
1790,2026-09-06_0c25f0e9,7,7,周度（2026/8/31-2026/9/4）机器人板块相关公司成交金额为4553亿元,fact,[],机器人.成交金额,4553 亿元,2026-08-31至2026-09-04,0.95,2026-09-11 16:43:36.748414+00:00,4553,亿元,2026-09-04
1791,2026-09-06_0c25f0e9,7,7,在全部A股周度成交金额中占比约4.6%，环比上升,fact,[],机器人.成交金额占比,约4.6%,2026-08-31至2026-09-04,0.9,2026-09-11 16:43:36.748414+00:00,,,2026-09-04
1792,2026-09-06_0c25f0e9,7,7,涨幅最大的为双环传动，涨幅为6.58%,fact,[],机器人.涨跌幅,6.58%,2026-08-31至2026-09-04,0.9,2026-09-11 16:43:36.748414+00:00,6.58,%,2026-09-04
1793,2026-09-06_11ea15ac,3,3,主要产品数据一览.农林牧渔板块指数 年同比 -8.08%,fact,[],主要产品数据一览.农林牧渔板块指数,-8.08%,,0.9,2026-09-11 16:47:43.245949+00:00,-8.08,%,2026-09-06
1794,2026-09-06_11ea15ac,3,3,主要产品数据一览.农产品批发价格200指数 年同比 -0.89%,fact,[],主要产品数据一览.农产品批发价格200指数,-0.89%,,0.9,2026-09-11 16:47:43.245949+00:00,-0.89,%,2026-09-06
1795,2026-09-06_11ea15ac,3,3,主要产品数据一览.生猪价格（元/千克） 年同比 -20.98%,fact,[],主要产品数据一览.生猪价格（元/千克）,-20.98%,,0.9,2026-09-11 16:47:43.245949+00:00,-20.98,%,2026-09-06
1796,2026-09-06_11ea15ac,3,3,主要产品数据一览.仔猪价格（元/头） 年同比 -39.67%,fact,[],主要产品数据一览.仔猪价格（元/头）,-39.67%,,0.9,2026-09-11 16:47:43.245949+00:00,-39.67,%,2026-09-06
1797,2026-09-06_11ea15ac,3,3,主要产品数据一览.生猪出栏均重（公斤） 年同比 0.75%,fact,[],主要产品数据一览.生猪出栏均重（公斤）,0.75%,,0.9,2026-09-11 16:47:43.245949+00:00,0.75,%,2026-09-06
1798,2026-09-06_11ea15ac,3,3,主要产品数据一览.生猪宰后均重（公斤） 年同比 -0.10%,fact,[],主要产品数据一览.生猪宰后均重（公斤）,-0.10%,,0.9,2026-09-11 16:47:43.245949+00:00,-0.10,%,2026-09-06
1799,2026-09-06_11ea15ac,3,3,主要产品数据一览.二元母猪价格（元/公斤） 年同比 -0.77%,fact,[],主要产品数据一览.二元母猪价格（元/公斤）,-0.77%,,0.9,2026-09-11 16:47:43.245949+00:00,-0.77,%,2026-09-06
1800,2026-09-06_11ea15ac,3,3,主要产品数据一览.行业平均自繁自养盈利（元/头） 年同比 15.35%,fact,[],主要产品数据一览.行业平均自繁自养盈利（元/头）,15.35%,,0.9,2026-09-11 16:47:43.245949+00:00,15.35,%,2026-09-06
1801,2026-09-06_11ea15ac,3,3,主要产品数据一览.白羽肉毛鸡价格（元/千克） 年同比 -11.58%,fact,[],主要产品数据一览.白羽肉毛鸡价格（元/千克）,-11.58%,,0.9,2026-09-11 16:47:43.245949+00:00,-11.58,%,2026-09-06
1802,2026-09-06_11ea15ac,3,3,主要产品数据一览.白条鸡价格（元/千克） 年同比 -7.34%,fact,[],主要产品数据一览.白条鸡价格（元/千克）,-7.34%,,0.9,2026-09-11 16:47:43.245949+00:00,-7.34,%,2026-09-06
1803,2026-09-06_11ea15ac,3,3,主要产品数据一览.商品代鸡苗价格（元/羽） 年同比 -29.71%,fact,[],主要产品数据一览.商品代鸡苗价格（元/羽）,-29.71%,,0.9,2026-09-11 16:47:43.245949+00:00,-29.71,%,2026-09-06
1804,2026-09-06_11ea15ac,3,3,主要产品数据一览.鸡肉综合售价（元/吨） 年同比 0.82%,fact,[],主要产品数据一览.鸡肉综合售价（元/吨）,0.82%,,0.9,2026-09-11 16:47:43.245949+00:00,0.82,%,2026-09-06
1805,2026-09-06_11ea15ac,3,3,主要产品数据一览.白鸡父母代鸡苗价格（元/羽） 年同比 13.63%,fact,[],主要产品数据一览.白鸡父母代鸡苗价格（元/羽）,13.63%,,0.9,2026-09-11 16:47:43.245949+00:00,13.63,%,2026-09-06
1806,2026-09-06_11ea15ac,3,3,主要产品数据一览.白鸡近24周父母代鸡苗销量（套） 年同比 23.67%,fact,[],主要产品数据一览.白鸡近24周父母代鸡苗销量（套）,23.67%,,0.9,2026-09-11 16:47:43.245949+00:00,23.67,%,2026-09-06
1807,2026-09-06_11ea15ac,3,3,主要产品数据一览.白鸡在产父母代鸡存栏（万套） 年同比 2.65%,fact,[],主要产品数据一览.白鸡在产父母代鸡存栏（万套）,2.65%,,0.9,2026-09-11 16:47:43.245949+00:00,2.65,%,2026-09-06
1808,2026-09-06_11ea15ac,3,3,主要产品数据一览.白鸡后备父母代鸡存栏（万套） 年同比 6.25%,fact,[],主要产品数据一览.白鸡后备父母代鸡存栏（万套）,6.25%,,0.9,2026-09-11 16:47:43.245949+00:00,6.25,%,2026-09-06
1809,2026-09-06_11ea15ac,3,3,主要产品数据一览.白鸡在产祖代鸡存栏（万套） 年同比 17.06%,fact,[],主要产品数据一览.白鸡在产祖代鸡存栏（万套）,17.06%,,0.9,2026-09-11 16:47:43.245949+00:00,17.06,%,2026-09-06
1810,2026-09-06_11ea15ac,3,3,主要产品数据一览.白鸡后备祖代鸡存栏（万套） 年同比 13.32%,fact,[],主要产品数据一览.白鸡后备祖代鸡存栏（万套）,13.32%,,0.9,2026-09-11 16:47:43.245949+00:00,13.32,%,2026-09-06
1811,2026-09-06_11ea15ac,3,3,主要产品数据一览.黄鸡在产父母代鸡存栏（万套） 年同比 -3.22%,fact,[],主要产品数据一览.黄鸡在产父母代鸡存栏（万套）,-3.22%,,0.9,2026-09-11 16:47:43.245949+00:00,-3.22,%,2026-09-06
1812,2026-09-06_11ea15ac,3,3,主要产品数据一览.黄鸡后备父母代鸡存栏（万套） 年同比 6.75%,fact,[],主要产品数据一览.黄鸡后备父母代鸡存栏（万套）,6.75%,,0.9,2026-09-11 16:47:43.245949+00:00,6.75,%,2026-09-06
1813,2026-09-06_11ea15ac,3,3,主要产品数据一览.黄鸡在产祖代鸡存栏（万套） 年同比 3.14%,fact,[],主要产品数据一览.黄鸡在产祖代鸡存栏（万套）,3.14%,,0.9,2026-09-11 16:47:43.245949+00:00,3.14,%,2026-09-06
1814,2026-09-06_11ea15ac,3,3,主要产品数据一览.黄鸡后备祖代鸡存栏（万套） 年同比 -11.93%,fact,[],主要产品数据一览.黄鸡后备祖代鸡存栏（万套）,-11.93%,,0.9,2026-09-11 16:47:43.245949+00:00,-11.93,%,2026-09-06
1815,2026-09-06_11ea15ac,3,3,主要产品数据一览.柳州现货糖价（元/吨） 年同比 -12.14%,fact,[],主要产品数据一览.柳州现货糖价（元/吨）,-12.14%,,0.9,2026-09-11 16:47:43.245949+00:00,-12.14,%,2026-09-06
1816,2026-09-06_11ea15ac,3,3,主要产品数据一览.天然橡胶价格：活跃合约（元/吨） 年同比 18.27%,fact,[],主要产品数据一览.天然橡胶价格：活跃合约（元/吨）,18.27%,,0.9,2026-09-11 16:47:43.245949+00:00,18.27,%,2026-09-06
1817,2026-09-06_11ea15ac,3,3,主要产品数据一览.玉米价格（元/吨） 年同比 -0.32%,fact,[],主要产品数据一览.玉米价格（元/吨）,-0.32%,,0.9,2026-09-11 16:47:43.245949+00:00,-0.32,%,2026-09-06
1818,2026-09-06_11ea15ac,3,3,主要产品数据一览.豆粕价格（元/吨） 年同比 12.07%,fact,[],主要产品数据一览.豆粕价格（元/吨）,12.07%,,0.9,2026-09-11 16:47:43.245949+00:00,12.07,%,2026-09-06
1819,2026-09-06_11ea15ac,3,3,主要产品数据一览.小麦价格（元/吨） 年同比 -0.71%,fact,[],主要产品数据一览.小麦价格（元/吨）,-0.71%,,0.9,2026-09-11 16:47:43.245949+00:00,-0.71,%,2026-09-06
1820,2026-09-06_11ea15ac,3,3,主要产品数据一览.USDA全球玉米库存消费比 月环比涨跌幅 -0.09%,fact,[],主要产品数据一览.USDA全球玉米库存消费比,-0.09%,,0.9,2026-09-11 16:47:43.245949+00:00,-0.09,%,2026-09-06
1821,2026-09-06_1e141ab0,2,2,本周（8.29-9.4）47 城新房成交面积录得284.1 万平方米，环比回落0.9%，同比降幅收窄至-13.6%,fact,[],新房.成交面积,284.1 万平方米,,0.9,2026-09-11 16:48:31.866316+00:00,284.1,万平方米,2026-09-06
1822,2026-09-06_1e141ab0,2,2,三线城市成交面积同比-35.9%，较上周显著回落,fact,[],新房.成交面积增速,-35.9%,,0.9,2026-09-11 16:48:31.866316+00:00,-35.9,%,2026-09-06
1823,2026-09-06_1e141ab0,2,2,本周（8.29-9.4）22 城二手房成交量环比季节性回落，同比涨幅走阔至9.7%,fact,[],二手房.成交量增速,9.7%,,0.9,2026-09-11 16:48:31.866316+00:00,9.7,%,2026-09-06
1824,2026-09-06_1e141ab0,2,2,最近一周挂牌量出现小幅回升，周环比增加0.2%,fact,[],二手房.挂牌量,周环比+0.2%,,0.85,2026-09-11 16:48:31.866316+00:00,,,2026-09-06
1825,2026-09-06_1e141ab0,2,2,9 月以来26 个重点城市二手房成交套数同比增长37%,fact,[],二手房.成交套数增速,37%,,0.9,2026-09-11 16:48:31.866316+00:00,37,%,2026-09-06
1826,2026-09-06_2f8aa709,3,3,本周Anthropic 发布的新版本Fable 5.1 的缓存命中环节降价75%,fact,[],US.ANTHROPIC_CACHE_PRICE.return,75%,2026-09,0.8,2026-09-11 16:48:50.901854+00:00,75,%,2026-09-06
1827,2026-09-06_2f8aa709,3,3,整体使用成本最多可下降45%,fact,[],US.ANTHROPIC_TOKEN_COST.return,45%,2026-09,0.8,2026-09-11 16:48:50.901854+00:00,45,%,2026-09-06
1828,2026-09-06_2f8aa709,4,4,周五晚的新增非农就业16.2 万人，远超市场预期,fact,[],US.NFP.actual,16.2 万人,2026-08,0.9,2026-09-11 16:49:30.889132+00:00,16.2,万人,2026-09-06
1829,2026-09-06_2f8aa709,4,4,远超市场预期（5.6 万人）,forecast,[],US.NFP.consensus,5.6 万人,2026-08,0.9,2026-09-11 16:49:30.889132+00:00,5.6,万人,2026-09-06
1830,2026-09-06_2f8aa709,4,4,目前9 月美联储加息概率在50%-60%之间，仍有较大不确定性,forecast,[],US.FFR.consensus,50%-60%,2026-09,0.85,2026-09-11 16:49:30.889132+00:00,50,%-60%,2026-09-06
1831,2026-09-06_2f8aa709,4,4,通胀仍然高于2%的目标，以PCE衡量的2%目标是坚定、固定的目标,fact,[],US.PCE.target,2%,,0.6,2026-09-11 16:49:30.889132+00:00,2,%,2026-09-06
1832,2026-09-06_2f8aa709,5,5,首套首付降至15%,fact,[],CN.DOWNPAYMENT.FIRST,15%,2024-05-17,0.9,2026-09-11 16:50:22.469279+00:00,15,%,2024-05-17
1833,2026-09-06_2f8aa709,5,5,二套首付降至25%,fact,[],CN.DOWNPAYMENT.SECOND,25%,2024-05-17,0.9,2026-09-11 16:50:22.469279+00:00,25,%,2024-05-17
1834,2026-09-06_2f8aa709,5,5,下调公积金利率0.25个百分点,fact,[],CN.HPF.RATE,0.25个百分点,2024-05-17,0.9,2026-09-11 16:50:22.469279+00:00,0.25,个百分点,2024-05-17
1835,2026-09-06_2f8aa709,5,5,设立3000亿元保障性住房再贷款,fact,[],CN.RELOAN.AFFHOUSING,3000亿元,2024-05-17,0.9,2026-09-11 16:50:22.469279+00:00,3000,亿元,2024-05-17
1836,2026-09-06_2f8aa709,5,5,"安排3000亿元左右超长期特别国债加力支持""两新""",fact,[],CN.SPECIALBOND.TWONEW,3000亿元左右,2024-07-24,0.9,2026-09-11 16:50:22.469279+00:00,3000,亿元左右,2024-07-24
1837,2026-09-06_2f8aa709,5,5,消费品以旧换新、设备更新各约1500亿,fact,[],CN.SPECIALBOND.TWONEW.ALLOC,各约1500亿,2024-07-24,0.85,2026-09-11 16:50:22.469279+00:00,,,2024-07-24
1838,2026-09-06_2f8aa709,5,5,存量房贷利率平均降0.5个百分点,fact,[],CN.STOCKMORTGAGE.RATE,平均降0.5个百分点,2024-09-24,0.9,2026-09-11 16:50:22.469279+00:00,,,2024-09-24
1839,2026-09-06_2f8aa709,5,5,统一首套、二套最低首付比例至15%,fact,[],CN.DOWNPAYMENT.MIN,15%,2024-09-24,0.9,2026-09-11 16:50:22.469279+00:00,15,%,2024-09-24
1840,2026-09-06_2f8aa709,5,5,通过货币化安置等方式新增实施100万套城中村改造和危旧房改造,fact,[],CN.URBANRENEWAL,100万套,2024-10-17,0.9,2026-09-11 16:50:22.469279+00:00,100,万套,2024-10-17
1841,2026-09-06_2f8aa709,5,5,"年底前将""白名单""项目的信贷规模增加到4万亿",fact,[],CN.WHITELIST.CREDIT,4万亿,2024-10-17,0.9,2026-09-11 16:50:22.469279+00:00,4,万亿,2024-10-17
1842,2026-09-06_2f8aa709,5,5,6万亿债务限额置换存量隐性债务,fact,[],CN.DEBTSWAP.LIMIT,6万亿,2024-11-08,0.9,2026-09-11 16:50:22.469279+00:00,6,万亿,2024-11-08
1843,2026-09-06_2f8aa709,5,5,连续5年每年8000亿（累计4万亿）专项债化债,fact,[],CN.SPECIALBOND.DEBTSWAP,每年8000亿（累计4万亿）,2024-11-08,0.9,2026-09-11 16:50:22.469279+00:00,,,2024-11-08
1844,2026-09-06_2f8aa709,5,5,2万亿棚改隐性债务按原合同偿还,fact,[],CN.SHANTY.DEBT,2万亿,2024-11-08,0.9,2026-09-11 16:50:22.469279+00:00,2,万亿,2024-11-08
1845,2026-09-06_2f8aa709,5,5,安排超长期特别国债3000亿元支持消费品以旧换新,fact,[],CN.SPECIALBOND.TRADEIN,3000亿元,2025-03-05,0.9,2026-09-11 16:50:22.469279+00:00,3000,亿元,2025-03-05
1846,2026-09-06_2f8aa709,6,6,在手订单（预收账款+合同负债）增速往往领先营收增速约2 个季度,fact,[],CN.ORDER_REVENUE_LEAD,约2 个季度,,0.6,2026-09-11 16:51:01.770730+00:00,,,2026-09-06
1847,2026-09-06_2f8aa709,6,6,2026Q2 显示在手订单增速已连续两个季度下行,fact,[],CN.PREPAY_CONTRACT_LIAB.YoY,连续两个季度下行,2026Q2,0.7,2026-09-11 16:51:01.770730+00:00,,,2026-09-06
1848,2026-09-06_2f8aa709,6,6,规模以上工业企业利润增速已连续3 个月下滑,fact,[],CN.INDPROFIT.YoY,连续3 个月下滑,,0.7,2026-09-11 16:51:01.770730+00:00,,,2026-09-06
1849,2026-09-06_2f8aa709,7,7,最新的8月制造业PMI显示，新订单回升2.1%至50.6%,fact,[],CN.PMI.neworders.actual,50.6%,2026-08,0.85,2026-09-11 16:51:39.342821+00:00,50.6,%,2026-09-06
1850,2026-09-06_2f8aa709,7,7,新出口订单仅回升0.5%,fact,[],CN.PMI.newexportorders.actual,0.5%,2026-08,0.8,2026-09-11 16:51:39.342821+00:00,0.5,%,2026-09-06
1851,2026-09-06_2f8aa709,8,8,布油价格重回95 美元/桶以上,fact,[],GLOBAL.BRENT.price,95 美元/桶以上,2026-09,0.9,2026-09-11 16:51:59.755163+00:00,95,美元/桶以上,2026-09-06
1852,2026-09-06_2f8aa709,10,10,欧洲炼油厂开工率同样在90%以上,fact,[],EU.REFUTIL.actual,90%以上,,0.8,2026-09-11 16:52:25.749246+00:00,90,%以上,2026-09-06
1853,2026-09-06_3f634514,2,2,Dell 公布最新业绩，Q2 实现收入470 亿美元，同比增长58%,fact,[],Dell.收入,470 亿美元,Q2,0.9,2026-09-11 16:53:36.549013+00:00,470,亿美元,2026-09-01
1854,2026-09-06_3f634514,2,2,在强劲AI 服务器需求推动下将全年收入预期由1670 亿美元上调至1920 亿美元,forecast,[],Dell.收入,1920 亿美元,,0.85,2026-09-11 16:53:36.549013+00:00,1920,亿美元,2026-09-01
1855,2026-09-06_3f634514,2,2,公司AI 服务器订单达到600 亿美元,fact,[],Dell.AI服务器订单,600 亿美元,,0.9,2026-09-11 16:53:36.549013+00:00,600,亿美元,2026-09-01
1856,2026-09-06_3f634514,2,2,积压订单达到950 亿美元,fact,[],Dell.积压订单,950 亿美元,,0.9,2026-09-11 16:53:36.549013+00:00,950,亿美元,2026-09-01
1857,2026-09-06_3f634514,2,2,HPE 9 月2 日披露FY2026Q3 业绩，实现收入122 亿美元，同比增长34%,fact,[],HPE.收入,122 亿美元,FY2026Q3,0.9,2026-09-11 16:53:36.549013+00:00,122,亿美元,2026-09-02
1858,2026-09-06_3f634514,2,2,其中Cloud & AI 业务收入90 亿美元，同比增长25.4%,fact,[],HPE.Cloud&AI业务收入,90 亿美元,FY2026Q3,0.9,2026-09-11 16:53:36.549013+00:00,90,亿美元,2026-09-02
1859,2026-09-06_3f634514,2,2,服务器收入68 亿美元，同比增长35.3%,fact,[],HPE.服务器收入,68 亿美元,FY2026Q3,0.9,2026-09-11 16:53:36.549013+00:00,68,亿美元,2026-09-02
1860,2026-09-06_3f634514,2,2,公司同时将FY2026 收入增长预期上调至34%—37%,forecast,[],HPE.收入增速,34%—37%,FY2026,0.85,2026-09-11 16:53:36.549013+00:00,34,%—37%,2026-09-02
1861,2026-09-06_3f634514,2,2,FY2027 收入增长预期上调至13%—17%,forecast,[],HPE.收入增速,13%—17%,FY2027,0.85,2026-09-11 16:53:36.549013+00:00,13,%—17%,2026-09-02
1862,2026-09-06_3f634514,2,2,未来五年AI 系统总功耗或提升约6 倍,forecast,[],AI系统.总功耗,约提升6 倍,未来五年,0.8,2026-09-11 16:53:36.549013+00:00,,,2026-09-02
1863,2026-09-06_3f634514,2,2,相关预测显示，单封装功耗可由约600W 升至4100W,forecast,[],单封装.功耗,由约600W 升至4100W,未来五年,0.8,2026-09-11 16:53:36.549013+00:00,,,2026-09-02
1864,2026-09-06_3f634514,3,3,2026 年上半年数据中心冷机业务合计确认收入约8 亿元，同比增长43%，占公司整体营收比例提升至22%,fact,[],冰轮环境.数据中心冷机业务收入,约8 亿元,2026H1,0.9,2026-09-11 16:55:26.987334+00:00,,,2026-09-06
1865,2026-09-06_3f634514,3,3,2026 年上半年数据中心行业收入15.91 亿元，同比增长13.81%,fact,[],科华数据.数据中心行业收入,15.91 亿元,2026H1,0.9,2026-09-11 16:55:26.987334+00:00,15.91,亿元,2026-09-06
1866,2026-09-06_3f634514,3,3,毛利率23.07%,fact,[],科华数据.毛利率,23.07%,2026H1,0.9,2026-09-11 16:55:26.987334+00:00,23.07,%,2026-09-06
1867,2026-09-06_3f634514,3,3,超威电源、赣锋锂业、大连融科储能、科华数能、孚能科技、德业股份等14 家企业入选示范企业,fact,[],新型储能.示范企业数量,14 家,,0.85,2026-09-11 16:55:26.987334+00:00,14,家,2026-09-01
1868,2026-09-06_3f634514,3,3,现阶段可靠容量补偿标准拟按照330 元/kW·年执行，容量供需系数暂定为1，拟自2027 年1 月1 日起执行,fact,[],河南独立储能.容量补偿标准,330 元/kW·年,2027,0.85,2026-09-11 16:55:26.987334+00:00,330,元/kW·年,2026-09-06
1869,2026-09-06_3f634514,3,3,华中区域东四省电力互济交易自7 月1 日连续结算试运行以来，首月累计653 家主体完成交易，交易电量超过5 亿kWh,fact,[],华中电力互济.交易电量,超过5 亿kWh,2026-07,0.9,2026-09-11 16:55:26.987334+00:00,,,2026-09-02
1870,2026-09-06_3f634514,3,3,跨省最大互济电力达到353.3 万kW,fact,[],华中电力互济.最大互济电力,353.3 万kW,2026-07,0.9,2026-09-11 16:55:26.987334+00:00,353.3,万kW,2026-09-02
1871,2026-09-06_3f634514,3,3,29 家储能电站成功实现跨省出清，跨省调节电力达到45.8 万kW,fact,[],储能.跨省调节电力,45.8 万kW,2026-07,0.9,2026-09-11 16:55:26.987334+00:00,45.8,万kW,2026-09-02
1872,2026-09-06_3f634514,3,3,储能等灵活性资源累计交易电量超过3000 万kWh,fact,[],储能.交易电量,超过3000 万kWh,2026-07,0.9,2026-09-11 16:55:26.987334+00:00,,,2026-09-02
1873,2026-09-06_3f634514,3,3,葡萄牙计划到2030 年将储能装机容量提升至6.9GW,forecast,[],葡萄牙.储能装机容量,6.9GW,2030,0.85,2026-09-11 16:55:26.987334+00:00,6.9,GW,2026-09-06
1874,2026-09-06_3f634514,3,3,到2040 年进一步提升至9.76GW,forecast,[],葡萄牙.储能装机容量,9.76GW,2040,0.85,2026-09-11 16:55:26.987334+00:00,9.76,GW,2026-09-06
1875,2026-09-06_3f634514,3,3,自2027 年7 月1 日起投产的新增政府太阳能及陆上风电项目原则上需配置电池储能，储能功率不低于新能源项目容量的10%,fact,[],印度.强制配储比例,10%,2027,0.8,2026-09-11 16:55:26.987334+00:00,10,%,2026-09-04
1876,2026-09-06_3f634514,3,3,初期最低储能时长为2 小时,fact,[],印度.最低储能时长,2 小时,2027,0.8,2026-09-11 16:55:26.987334+00:00,2,小时,2026-09-04
1877,2026-09-06_3f634514,3,3,自2029 年7 月起，最低储能时长将进一步提高至4 小时,fact,[],印度.最低储能时长,4 小时,2029,0.8,2026-09-11 16:55:26.987334+00:00,4,小时,2026-09-04
1878,2026-09-06_3f634514,3,3,到2031—2032 财年，印度BESS 需求将达到47.24GW/236GWh,forecast,[],印度.BESS需求,47.24GW/236GWh,2031-2032财年,0.85,2026-09-11 16:55:26.987334+00:00,47.24,GW/236GWh,2026-09-06
1879,2026-09-06_3f634514,3,3,2026—2027 财年预计需求为8.68GW/34GWh,forecast,[],印度.BESS需求,8.68GW/34GWh,2026-2027财年,0.85,2026-09-11 16:55:26.987334+00:00,8.68,GW/34GWh,2026-09-06
1880,2026-09-06_3f634514,3,3,项目包括86MW 光伏、70MW/280MWh 锂离子储能,fact,[],Google.储能项目规模,70MW/280MWh,,0.85,2026-09-11 16:55:26.987334+00:00,70,MW/280MWh,2026-09-02
1881,2026-09-06_3f634514,4,4,锂电储能对应4小时储能时长,fact,[],锂电储能.储能时长,4 小时,,0.85,2026-09-11 16:56:54.557981+00:00,4,小时,2026-09-06
1882,2026-09-06_3f634514,4,4,Eos Z3 锌基储能系统储能时长可达10小时,fact,[],锌基储能.储能时长,10 小时,,0.85,2026-09-11 16:56:54.557981+00:00,10,小时,2026-09-06
1883,2026-09-06_3f634514,4,4,振华重庆基地10万吨重铬酸钠预计27年底试生产、28年达产,forecast,[],铬.产能,10 万吨,2027-2028,0.85,2026-09-11 16:56:54.557981+00:00,10,万吨,2026-09-06
1884,2026-09-06_3f634514,4,4,8月31日，主流金属铬厂商报价普遍上调2000元/吨,fact,[],金属铬.价格,上调2000 元/吨,,0.75,2026-09-11 16:56:54.557981+00:00,,,2026-08-31
1885,2026-09-06_3f634514,4,4,预计26-28年归母净利润7.93/10.22/14.24亿元,forecast,[],振华股份.归母净利润,7.93/10.22/14.24 亿元,2026-2028,0.85,2026-09-11 16:56:54.557981+00:00,7.93,/10.22/14.24 亿元,2026-09-06
1886,2026-09-06_3f634514,4,4,2026年1-8月，氢能电解槽订单量（含中标、签约、交付）项目累计有52个,fact,[],氢能电解槽.订单项目数,52 个,2026M1-8,0.9,2026-09-11 16:56:54.557981+00:00,52,个,2026-09-06
1887,2026-09-06_3f634514,4,4,2026年1-8月全国氢能电解槽订单量规模累计905.43MW,fact,[],氢能电解槽.订单规模,905.43MW,2026M1-8,0.9,2026-09-11 16:56:54.557981+00:00,905.43,MW,2026-09-06
1888,2026-09-06_3f634514,4,4,2026年1-8月制氢规模累计181086Nm³/h,fact,[],氢能电解槽.制氢规模,181086Nm³/h,2026M1-8,0.9,2026-09-11 16:56:54.557981+00:00,181086,Nm³/h,2026-09-06
1889,2026-09-06_3f634514,4,4,中标规模总计438.8MW,fact,[],氢能电解槽.中标规模,438.8MW,2026M1-8,0.9,2026-09-11 16:56:54.557981+00:00,438.8,MW,2026-09-06
1890,2026-09-06_3f634514,4,4,签约订单量总计305MW,fact,[],氢能电解槽.签约订单量,305MW,2026M1-8,0.9,2026-09-11 16:56:54.557981+00:00,305,MW,2026-09-06
1891,2026-09-06_3f634514,4,4,交付订单量总计161.63MW,fact,[],氢能电解槽.交付订单量,161.63MW,2026M1-8,0.9,2026-09-11 16:56:54.557981+00:00,161.63,MW,2026-09-06
1892,2026-09-06_3f634514,4,4,1-8月全国电解槽中标项目主要市场包括吉林、内蒙古、宁夏等20个地方,fact,[],氢能电解槽.中标项目覆盖区域数,20 个,2026M1-8,0.7,2026-09-11 16:56:54.557981+00:00,20,个,2026-09-06
1893,2026-09-06_3f634514,4,4,2026年1-8月，斩获订单规模最大的五家企业分别为阳光氢能、青骐骥、双良氢能、航天工程、中电丰业，规模分别为243MW、160MW、110MW、80MW、80MW,fact,[],氢能电解槽.企业订单规模,243MW、160MW、110MW、80MW、80MW,2026M1-8,0.85,2026-09-11 16:56:54.557981+00:00,243,MW、160MW、110MW、80MW、80MW,2026-09-06
1894,2026-09-06_3f634514,4,4,碱性电解槽项目规模为853.625MW,fact,[],碱性电解槽.项目规模,853.625MW,2026M1-8,0.9,2026-09-11 16:56:54.557981+00:00,853.625,MW,2026-09-06
1895,2026-09-06_3f634514,4,4,碱性电解槽占比94.62%，碱性电解槽制氢仍然占据主导地位,fact,[],碱性电解槽.项目规模占比,94.62%,2026M1-8,0.9,2026-09-11 16:56:54.557981+00:00,94.62,%,2026-09-06
1896,2026-09-06_3f634514,4,4,从目前订单看未来两年需求，共300艘甲醇燃料船舶将陆续投运,forecast,[],甲醇燃料船舶.投运量,300 艘,,0.8,2026-09-11 16:56:54.557981+00:00,300,艘,2026-09-06
1897,2026-09-06_3f634514,4,4,带动绿醇680万吨,forecast,[],绿醇.需求量,680 万吨,,0.8,2026-09-11 16:56:54.557981+00:00,680,万吨,2026-09-06
1898,2026-09-06_3f634514,4,4,中长期看掺混10%以上绿醇,forecast,[],绿醇.掺混比例,10%以上,,0.65,2026-09-11 16:56:54.557981+00:00,10,%以上,2026-09-06
1899,2026-09-06_3f634514,4,4,2030年全球绿醇需求量将超4000万吨,forecast,[],绿醇.需求量,超4000 万吨,2030,0.85,2026-09-11 16:56:54.557981+00:00,,,2026-09-06
1900,2026-09-06_3f634514,4,4,8月国内风机新增招标6GW，同比-43%,fact,[],风电.新增招标量,6GW，同比-43%,2026-08,0.8,2026-09-11 16:56:54.557981+00:00,6,GW，同比-43%,2026-09-06
2222,2026-09-06_5e305376,10,10,上周联储2026年加息预期下降3bp至35bp,forecast,[],US.HIKEEXP.consensus,35bp,2026,0.9,2026-09-11 17:25:08.078136+00:00,35,bp,2026-09-06
1902,2026-09-06_3f634514,5,5,8 月国内央国企业主风机新增招标6GW，同比下降43%，环比下降72%,fact,[],风电.招标量,6GW,2026-08,0.9,2026-09-11 16:57:41.817483+00:00,6,GW,2026-09-06
1903,2026-09-06_3f634514,5,5,1-8 月国内央国企业主新增风机招标60.9GW，同比下降16%,fact,[],风电.招标量,60.9GW,2026M1-8,0.9,2026-09-11 16:57:41.817483+00:00,60.9,GW,2026-09-06
1904,2026-09-06_3f634514,5,5,本周国家能源集团启动4.9GW 招标,fact,[],风电.招标量,4.9GW,,0.9,2026-09-11 16:57:41.817483+00:00,4.9,GW,2026-09-06
1905,2026-09-06_3f634514,5,5,截至本周末9 月风机招标已有5.9GW,fact,[],风电.招标量,5.9GW,2026-09,0.9,2026-09-11 16:57:41.817483+00:00,5.9,GW,2026-09-06
1906,2026-09-06_3f634514,5,5,7-8 月陆风机组主流机型表观中标均价1609 元/kW，环比下降2%,fact,[],陆风机组.中标均价,1609 元/kW,2026M7-8,0.9,2026-09-11 16:57:41.817483+00:00,1609,元/kW,2026-09-06
1907,2026-09-06_3f634514,5,5,7-8 月中标项目中“10MW 及以上”机型占比提升至32%,fact,[],陆风机组.机型占比,32%,2026M7-8,0.85,2026-09-11 16:57:41.817483+00:00,32,%,2026-09-06
1908,2026-09-06_3f634514,5,5,5.X、6.X、7.X、8.X 机型均实现环比2-7%的小幅上涨,fact,[],陆风机组.价格,环比上涨2-7%,2026M7-8,0.85,2026-09-11 16:57:41.817483+00:00,,,2026-09-06
1909,2026-09-06_3f634514,5,5,预计下半年至少3 个航次的产品将由自有运输船承担发运工作,forecast,[],海上风电.发运航次,至少3 个航次,2026H2,0.6,2026-09-11 16:57:41.817483+00:00,,,2026-09-06
1910,2026-09-06_3f634514,5,5,26H1 国内新增装机72GW、同比-66%,fact,[],光伏.新增装机,72GW,2026H1,0.9,2026-09-11 16:57:41.817483+00:00,72,GW,2026-09-06
1911,2026-09-06_3f634514,5,5,26H1【SW 光伏设备】口径实现营收2209 亿元、同比-16%,fact,[],光伏设备.营收,2209 亿元,2026H1,0.9,2026-09-11 16:57:41.817483+00:00,2209,亿元,2026-09-06
1912,2026-09-06_3f634514,5,5,26H1 实现归母净利润-123 亿元、同比减亏18%,fact,[],光伏设备.归母净利润,-123 亿元,2026H1,0.9,2026-09-11 16:57:41.817483+00:00,-123,亿元,2026-09-06
1913,2026-09-06_3f634514,5,5,26H1 销售毛利率9.9%、同增0.7PCT,fact,[],光伏设备.销售毛利率,9.9%,2026H1,0.9,2026-09-11 16:57:41.817483+00:00,9.9,%,2026-09-06
1914,2026-09-06_3f634514,5,5,26Q2 实现营收1193 亿元，同比/环比-19%/+17%,fact,[],光伏设备.营收,1193 亿元,2026Q2,0.9,2026-09-11 16:57:41.817483+00:00,1193,亿元,2026-09-06
1915,2026-09-06_3f634514,5,5,26Q2 实现归母净利-55 亿元、同环比基本持稳,fact,[],光伏设备.归母净利润,-55 亿元,2026Q2,0.9,2026-09-11 16:57:41.817483+00:00,-55,亿元,2026-09-06
1916,2026-09-06_3f634514,5,5,26Q2 销售毛利率10.4%、同比/环比+0.6/+1.2PCT,fact,[],光伏设备.销售毛利率,10.4%,2026Q2,0.9,2026-09-11 16:57:41.817483+00:00,10.4,%,2026-09-06
1917,2026-09-06_3f634514,6,6,中科海钠与韩国VOLTA签署战略合作协议，在15MWh储能项目基础上推动5年10GWh长期供货,fact,[],钠电.储能项目,15MWh,,0.9,2026-09-11 16:59:02.918612+00:00,15,MWh,2026-09-06
1919,2026-09-06_3f634514,6,6,石大胜华公告称，公司控股子公司胜华新材料科技(连江)有限公司拟投资建设20万吨/年锂电池电解液项目,fact,[],电解液.产能,20万吨/年,,0.9,2026-09-11 16:59:02.918612+00:00,20,万吨/年,2026-09-06
1920,2026-09-06_3f634514,6,6,9月3日，石大胜华公告称拟投建锂电池电解液项目，预计总投资6.87亿元,fact,[],电解液.投资额,6.87亿元,,0.9,2026-09-11 16:59:02.918612+00:00,6.87,亿元,2026-09-06
1921,2026-09-06_3f634514,6,6,项目建设周期12个月,fact,[],电解液.建设周期,12个月,,0.9,2026-09-11 16:59:02.918612+00:00,12,个月,2026-09-06
1922,2026-09-06_3f634514,6,6,项目建成后预计年产值54.41亿元,forecast,[],电解液.年产值,54.41亿元,,0.8,2026-09-11 16:59:02.918612+00:00,54.41,亿元,2026-09-06
1923,2026-09-06_3f634514,6,6,项目建成后年均净利润8860.01万元,forecast,[],电解液.年均净利润,8860.01万元,,0.8,2026-09-11 16:59:02.918612+00:00,8860.01,万元,2026-09-06
1924,2026-09-06_3f634514,6,6,9月国内锂电市场需求持续旺盛，磷酸铁锂、三元电芯排产环比增长，碳酸锂需求预计升至17万吨,forecast,[],碳酸锂.需求,17万吨,9月,0.8,2026-09-11 16:59:02.918612+00:00,17,万吨,2026-09-06
1925,2026-09-06_3f634514,6,6,前四批累计招标601亿元，同比-12%,fact,[],国网输变电设备.招标金额,601亿元,,0.9,2026-09-11 16:59:02.918612+00:00,601,亿元,2026-09-06
1926,2026-09-06_3f634514,6,6,第四批招标分产品看，组合电器28.81亿元,fact,[],组合电器.招标金额,28.81亿元,,0.9,2026-09-11 16:59:02.918612+00:00,28.81,亿元,2026-09-06
1927,2026-09-06_3f634514,6,6,第四批招标分产品看，变压器20.56亿元,fact,[],变压器.招标金额,20.56亿元,,0.9,2026-09-11 16:59:02.918612+00:00,20.56,亿元,2026-09-06
1928,2026-09-06_3f634514,6,6,第四批招标分产品看，电力电缆26.10亿元,fact,[],电力电缆.招标金额,26.10亿元,,0.9,2026-09-11 16:59:02.918612+00:00,26.10,亿元,2026-09-06
1929,2026-09-06_3f634514,6,6,第四批招标分产品看，开关柜9.95亿元,fact,[],开关柜.招标金额,9.95亿元,,0.9,2026-09-11 16:59:02.918612+00:00,9.95,亿元,2026-09-06
1930,2026-09-06_3f634514,6,6,第四批招标分产品看，继电保护和变电站计算机监控系统5.01亿元,fact,[],继电保护和变电站计算机监控系统.招标金额,5.01亿元,,0.9,2026-09-11 16:59:02.918612+00:00,5.01,亿元,2026-09-06
1931,2026-09-06_3f634514,6,6,第四批招标分产品看，控制电缆2.86亿元,fact,[],控制电缆.招标金额,2.86亿元,,0.9,2026-09-11 16:59:02.918612+00:00,2.86,亿元,2026-09-06
1932,2026-09-06_3f634514,6,6,第四批招标分产品看，通信设备5.72亿元,fact,[],通信设备.招标金额,5.72亿元,,0.9,2026-09-11 16:59:02.918612+00:00,5.72,亿元,2026-09-06
1933,2026-09-06_3f634514,6,6,分上市公司中标看，平高电气8.50亿元,fact,[],平高电气.中标金额,8.50亿元,,0.9,2026-09-11 16:59:02.918612+00:00,8.50,亿元,2026-09-06
1934,2026-09-06_3f634514,6,6,分上市公司中标看，中国西电7.64亿元,fact,[],中国西电.中标金额,7.64亿元,,0.9,2026-09-11 16:59:02.918612+00:00,7.64,亿元,2026-09-06
1935,2026-09-06_3f634514,6,6,分上市公司中标看，特变电工7.41亿元,fact,[],特变电工.中标金额,7.41亿元,,0.9,2026-09-11 16:59:02.918612+00:00,7.41,亿元,2026-09-06
1936,2026-09-06_3f634514,6,6,分上市公司中标看，思源电气7.17亿元,fact,[],思源电气.中标金额,7.17亿元,,0.9,2026-09-11 16:59:02.918612+00:00,7.17,亿元,2026-09-06
1937,2026-09-06_3f634514,6,6,分上市公司中标看，国网信通5.16亿元,fact,[],国网信通.中标金额,5.16亿元,,0.9,2026-09-11 16:59:02.918612+00:00,5.16,亿元,2026-09-06
1938,2026-09-06_3f634514,6,6,分上市公司中标看，汉缆股份4.85亿元,fact,[],汉缆股份.中标金额,4.85亿元,,0.9,2026-09-11 16:59:02.918612+00:00,4.85,亿元,2026-09-06
1939,2026-09-06_3f634514,6,6,分上市公司中标看，中天科技3.16亿元,fact,[],中天科技.中标金额,3.16亿元,,0.9,2026-09-11 16:59:02.918612+00:00,3.16,亿元,2026-09-06
1940,2026-09-06_3f634514,6,6,分上市公司中标看，长高电新2.80亿元,fact,[],长高电新.中标金额,2.80亿元,,0.9,2026-09-11 16:59:02.918612+00:00,2.80,亿元,2026-09-06
1941,2026-09-06_3f634514,6,6,分上市公司中标看，国电南瑞2.43亿元,fact,[],国电南瑞.中标金额,2.43亿元,,0.9,2026-09-11 16:59:02.918612+00:00,2.43,亿元,2026-09-06
1942,2026-09-06_3f634514,6,6,分上市公司中标看，亨通光电2.31亿元,fact,[],亨通光电.中标金额,2.31亿元,,0.9,2026-09-11 16:59:02.918612+00:00,2.31,亿元,2026-09-06
1943,2026-09-06_3f634514,6,6,分上市公司中标看，许继电气2.29亿元,fact,[],许继电气.中标金额,2.29亿元,,0.9,2026-09-11 16:59:02.918612+00:00,2.29,亿元,2026-09-06
1944,2026-09-06_3f634514,6,6,分上市公司中标看，保变电气1.73亿元,fact,[],保变电气.中标金额,1.73亿元,,0.9,2026-09-11 16:59:02.918612+00:00,1.73,亿元,2026-09-06
1945,2026-09-06_3f634514,6,6,北美电力变压器进口依赖度高达80%,fact,[],北美电力变压器.进口依赖度,80%,,0.9,2026-09-11 16:59:02.918612+00:00,80,%,2026-09-06
1946,2026-09-06_3f634514,6,6,目前北美电力变压器交期拉长至100周以上,fact,[],北美电力变压器.交期,100周以上,,0.9,2026-09-11 16:59:02.918612+00:00,100,周以上,2026-09-06
1947,2026-09-06_3f634514,6,6,预计美国电力变压器供需错配将延续至2030年,forecast,[],美国电力变压器.供需错配,延续至2030年,2030,0.7,2026-09-11 16:59:02.918612+00:00,,,2026-09-06
1948,2026-09-06_3f634514,8,8,周度：硅料0%、月度：硅料0%、年度：硅料-41%,fact,[],硅料.涨跌幅,周度0%、月度0%、年度-41%,,0.9,2026-09-11 17:00:13.819836+00:00,,,2026-09-02
1949,2026-09-06_3f634514,8,8,周度：183N 硅片0%、月度：183N 硅片0%、年度：183N 硅片-21%,fact,[],183N硅片.涨跌幅,周度0%、月度0%、年度-21%,,0.9,2026-09-11 17:00:13.819836+00:00,,,2026-09-02
1950,2026-09-06_3f634514,8,8,周度：183N 电池片-6%、月度：183N 电池片-6%、年度：183N 电池片-18%,fact,[],183N电池片.涨跌幅,周度-6%、月度-6%、年度-18%,,0.9,2026-09-11 17:00:13.819836+00:00,,,2026-09-02
1951,2026-09-06_3f634514,8,8,周度：183N 组件0%、月度：183N 组件0%、年度：183N 组件+4%,fact,[],183N组件.涨跌幅,周度0%、月度0%、年度+4%,,0.9,2026-09-11 17:00:13.819836+00:00,,,2026-09-02
1952,2026-09-06_3f634514,8,8,光伏玻璃库存天数环比下降0.26 至43.63 天,fact,[],光伏玻璃.库存天数,43.63 天,,0.9,2026-09-11 17:00:13.819836+00:00,43.63,天,2026-09-02
1953,2026-09-06_3f634514,8,8,光伏料价格持稳至9800-10200 元/吨,fact,[],光伏料.价格,9800-10200 元/吨,,0.9,2026-09-11 17:00:13.819836+00:00,9800,-10200 元/吨,2026-09-02
1954,2026-09-06_3f634514,10,10,现货价格后期将在16 万元/吨左右波动为主,forecast,[],碳酸锂.价格,16 万元/吨左右,,0.8,2026-09-11 17:01:54.643386+00:00,16,万元/吨左右,2026-09-06
1955,2026-09-06_3f634514,10,10,碳酸锂9 月3 日最新价格：工业级99.2%：15.1-15.3 万元/吨,fact,[],碳酸锂.价格,15.1-15.3 万元/吨,,0.9,2026-09-11 17:01:54.643386+00:00,15.1,-15.3 万元/吨,2026-09-06
1956,2026-09-06_3f634514,10,10,三元材料9 月3 日最新价格：三元材料8 系811 型：18.94-21.21 万元/吨,fact,[],三元材料.价格,18.94-21.21 万元/吨,,0.9,2026-09-11 17:01:54.643386+00:00,18.94,-21.21 万元/吨,2026-09-06
1957,2026-09-06_3f634514,10,10,磷酸铁锂9 月3 日最新价格：磷酸铁锂储能型：5.85-5.93 万元/吨,fact,[],磷酸铁锂.价格,5.85-5.93 万元/吨,,0.9,2026-09-11 17:01:54.643386+00:00,5.85,-5.93 万元/吨,2026-09-06
1958,2026-09-06_3f634514,10,10,负极材料9 月3 日最新价格：中端动力-人造石墨负极 24300-34700 元/吨,fact,[],负极材料.价格,24300-34700 元/吨,,0.9,2026-09-11 17:01:54.643386+00:00,24300,-34700 元/吨,2026-09-06
1959,2026-09-06_3f634514,10,10,9 月隔膜样本企业排产环比小幅抬升+1.89%,fact,[],隔膜.排产,+1.89%,9月,0.9,2026-09-11 17:01:54.643386+00:00,1.89,%,2026-09-06
1960,2026-09-06_3f634514,10,10,隔膜9 月3 日最新价格：基膜9+3μm 陶瓷涂覆隔膜：0.9-1.35 元/平方米,fact,[],隔膜.价格,0.9-1.35 元/平方米,,0.9,2026-09-11 17:01:54.643386+00:00,0.9,-1.35 元/平方米,2026-09-06
1961,2026-09-06_3f634514,10,10,9 月电解液样本企业排产环比+4.62%,fact,[],电解液.排产,+4.62%,9月,0.9,2026-09-11 17:01:54.643386+00:00,4.62,%,2026-09-06
1962,2026-09-06_3f634514,10,10,电解液9 月3 日最新价格：六氟磷酸锂电解液：11.2-12.2（国产）万元/吨,fact,[],六氟磷酸锂.价格,11.2-12.2（国产）万元/吨,,0.9,2026-09-11 17:01:54.643386+00:00,11.2,-12.2（国产）万元/吨,2026-09-06
1963,2026-09-06_3f634514,10,10,电解液9 月3 日最新价格：储能磷酸铁锂电解液：2.6-3.15 万元/吨,fact,[],电解液.价格,2.6-3.15 万元/吨,,0.9,2026-09-11 17:01:54.643386+00:00,2.6,-3.15 万元/吨,2026-09-06
1964,2026-09-06_428e7222,4,4,本期申万小金属指数收34484.53点，环比下降8.34%，跑输申万有色指数4.92pcts，跑输沪深300指数6.81pcts,fact,[],小金属.指数点位,34484.53 点,,0.85,2026-09-11 17:03:59.687469+00:00,34484.53,点,2026-09-04
2223,2026-09-06_5e305376,11,11,美国 9月4日长债收益率水平 4.78%,fact,[],US.UST10Y.yield,4.78%,2026-09-04,0.85,2026-09-11 17:26:09.428471+00:00,4.78,%,2026-09-04
2224,2026-09-06_5e305376,11,11,英国 9月4日长债收益率水平 5.33%,fact,[],GB.GOV10Y.yield,5.33%,2026-09-04,0.85,2026-09-11 17:26:09.428471+00:00,5.33,%,2026-09-04
2225,2026-09-06_5e305376,11,11,德国 9月4日长债收益率水平 3.34%,fact,[],DE.GOV10Y.yield,3.34%,2026-09-04,0.85,2026-09-11 17:26:09.428471+00:00,3.34,%,2026-09-04
2226,2026-09-06_5e305376,11,11,法国 9月4日长债收益率水平 4.20%,fact,[],FR.GOV10Y.yield,4.20%,2026-09-04,0.85,2026-09-11 17:26:09.428471+00:00,4.20,%,2026-09-04
2227,2026-09-06_5e305376,11,11,意大利 9月4日长债收益率水平 4.15%,fact,[],IT.GOV10Y.yield,4.15%,2026-09-04,0.85,2026-09-11 17:26:09.428471+00:00,4.15,%,2026-09-04
1970,2026-09-06_428e7222,4,4,钼精矿价格环比-0.55%,fact,[],钼精矿.涨跌幅,-0.55%,,0.9,2026-09-11 17:03:59.687469+00:00,-0.55,%,2026-09-04
2228,2026-09-06_5e305376,11,11,西班牙 9月4日长债收益率水平 3.77%,fact,[],ES.GOV10Y.yield,3.77%,2026-09-04,0.85,2026-09-11 17:26:09.428471+00:00,3.77,%,2026-09-04
2229,2026-09-06_5e305376,11,11,葡萄牙 9月4日长债收益率水平 3.66%,fact,[],PT.GOV10Y.yield,3.66%,2026-09-04,0.85,2026-09-11 17:26:09.428471+00:00,3.66,%,2026-09-04
2230,2026-09-06_5e305376,11,11,希腊 9月4日长债收益率水平 4.00%,fact,[],GR.GOV10Y.yield,4.00%,2026-09-04,0.85,2026-09-11 17:26:09.428471+00:00,4.00,%,2026-09-04
2231,2026-09-06_5e305376,11,11,日本 9月4日长债收益率水平 2.90%,fact,[],JP.GOV10Y.yield,2.90%,2026-09-04,0.85,2026-09-11 17:26:09.428471+00:00,2.90,%,2026-09-04
2232,2026-09-06_5e305376,11,11,韩国 9月4日长债收益率水平 4.37%,fact,[],KR.GOV10Y.yield,4.37%,2026-09-04,0.85,2026-09-11 17:26:09.428471+00:00,4.37,%,2026-09-04
1975,2026-09-06_428e7222,4,4,U3O8价格89.50美元/磅，本期环比+0.85%,fact,[],U3O8.价格,89.50 美元/磅,,0.9,2026-09-11 17:03:59.687469+00:00,89.50,美元/磅,2026-09-04
2233,2026-09-06_5e305376,11,11,中国 9月4日长债收益率水平 1.68%,fact,[],CN.GOV10Y.yield,1.68%,2026-09-04,0.85,2026-09-11 17:26:09.428471+00:00,1.68,%,2026-09-04
2234,2026-09-06_5e305376,11,11,印度 9月4日长债收益率水平 6.97%,fact,[],IN.GOV10Y.yield,6.97%,2026-09-04,0.85,2026-09-11 17:26:09.428471+00:00,6.97,%,2026-09-04
2235,2026-09-06_5e305376,11,11,马来西亚 9月4日长债收益率水平 3.96%,fact,[],MY.GOV10Y.yield,3.96%,2026-09-04,0.85,2026-09-11 17:26:09.428471+00:00,3.96,%,2026-09-04
2236,2026-09-06_5e305376,11,11,泰国 9月4日长债收益率水平 2.19%,fact,[],TH.GOV10Y.yield,2.19%,2026-09-04,0.85,2026-09-11 17:26:09.428471+00:00,2.19,%,2026-09-04
1980,2026-09-06_428e7222,4,4,海绵锆价格环比-11.99%,fact,[],海绵锆.涨跌幅,-11.99%,,0.9,2026-09-11 17:03:59.687469+00:00,-11.99,%,2026-09-04
1982,2026-09-06_428e7222,5,5,氧化镨钕本期价格为73.65 万元/吨，环比上涨1.34%,fact,[],氧化镨钕.价格,73.65 万元/吨,,0.95,2026-09-11 17:04:23.314341+00:00,73.65,万元/吨,2026-09-06
1983,2026-09-06_428e7222,5,5,氧化镝本期价格140.0 万元/吨，环比下降4.11%,fact,[],氧化镝.价格,140.0 万元/吨,,0.95,2026-09-11 17:04:23.314341+00:00,140.0,万元/吨,2026-09-06
1984,2026-09-06_428e7222,5,5,氧化铽本期价格669.0 万元/吨，环比下降0.30%,fact,[],氧化铽.价格,669.0 万元/吨,,0.95,2026-09-11 17:04:23.314341+00:00,669.0,万元/吨,2026-09-06
1985,2026-09-06_428e7222,5,5,2025 年出口全年同比-1%,fact,[],稀土.出口量,-1%,2025,0.8,2026-09-11 17:04:23.314341+00:00,-1,%,2026-09-06
1986,2026-09-06_428e7222,5,5,2026 年7 月稀土进口量折镨钕1603 吨，同比减少29.04%,fact,[],稀土.进口量,1603 吨,2026-07,0.95,2026-09-11 17:04:23.314341+00:00,1603,吨,2026-09-06
1987,2026-09-06_428e7222,5,5,2026 年7 月钕铁硼出口量5375 吨，同比减少3.59%,fact,[],钕铁硼.出口量,5375 吨,2026-07,0.95,2026-09-11 17:04:23.314341+00:00,5375,吨,2026-09-06
1988,2026-09-06_428e7222,5,5,中钇富铕矿加工费均价为5.55 万元/吨，较上期持平,fact,[],中钇富铕矿.加工费,5.55 万元/吨,,0.9,2026-09-11 17:04:23.314341+00:00,5.55,万元/吨,2026-09-06
1989,2026-09-06_428e7222,6,6,锡锭本期价格为41.91 万元/吨，环比下降2.36%,fact,[],锡锭.价格,41.91 万元/吨,,0.9,2026-09-11 17:04:34.100235+00:00,41.91,万元/吨,2026-09-06
1990,2026-09-06_428e7222,7,7,锡锭本期库存为6499 吨，环比上涨7.99%,fact,[],锡锭.库存,6499 吨,,0.9,2026-09-11 17:04:46.805777+00:00,6499,吨,2026-09-06
1991,2026-09-06_428e7222,7,7,LME 锡库存5470 吨，环比上涨1.58%,fact,[],LME锡.库存,5470 吨,,0.9,2026-09-11 17:04:46.805777+00:00,5470,吨,2026-09-06
1992,2026-09-06_428e7222,7,7,2026 年7 月，我国进口缅甸锡矿砂及其精矿4570 吨，同比增长389.62%,fact,[],缅甸锡矿砂.进口量,4570 吨,2026-07,0.9,2026-09-11 17:04:46.805777+00:00,4570,吨,2026-09-06
1993,2026-09-06_428e7222,7,7,2026 年6 月印尼锡锭出口量3355 吨，同比-24.4%,fact,[],印尼锡锭.出口量,3355 吨,2026-06,0.9,2026-09-11 17:04:46.805777+00:00,3355,吨,2026-09-06
1994,2026-09-06_428e7222,7,7,"本期费城半导体指数收11,735.26 点，环比下降0.04%",fact,[],费城半导体指数.点位,"11,735.26 点",,0.9,2026-09-11 17:04:46.805777+00:00,11735.26,点,2026-09-06
1995,2026-09-06_428e7222,8,8,美国商务部自2026年8月27日起实施为期一年的钨废料出口禁令,fact,[],钨.出口禁令,为期一年（自2026-08-27起）,,0.75,2026-09-11 17:05:20.073804+00:00,,,2026-08-27
1996,2026-09-06_428e7222,8,8,美国总统特朗普表示将2027财年美国军费提高至1.5万亿美元,forecast,[],美国军费.预算,1.5 万亿美元,2027财年,0.7,2026-09-11 17:05:20.073804+00:00,1.5,万亿美元,2026-09-06
1997,2026-09-06_428e7222,8,8,钨精矿本期价格41.34万元/吨，环比下降1.24%,fact,[],钨精矿.价格,41.34 万元/吨,,0.95,2026-09-11 17:05:20.073804+00:00,41.34,万元/吨,2026-09-06
1998,2026-09-06_428e7222,8,8,仲钨酸铵本期价格59.47万元/吨，环比下降1.01%,fact,[],仲钨酸铵.价格,59.47 万元/吨,,0.95,2026-09-11 17:05:20.073804+00:00,59.47,万元/吨,2026-09-06
1999,2026-09-06_428e7222,8,8,本期APT理论盈利水平为1.75万元/吨，环比下降26.38%,fact,[],APT.理论盈利水平,1.75 万元/吨,,0.9,2026-09-11 17:05:20.073804+00:00,1.75,万元/吨,2026-09-06
2000,2026-09-06_428e7222,9,9,钨精矿本期库存350吨，环比持平,fact,[],钨精矿.库存,350 吨,,0.9,2026-09-11 17:05:30.580881+00:00,350,吨,2026-09-06
2001,2026-09-06_428e7222,9,9,仲钨酸铵本期库存370吨，环比上涨80.49%,fact,[],仲钨酸铵.库存,370 吨,,0.9,2026-09-11 17:05:30.580881+00:00,370,吨,2026-09-06
2002,2026-09-06_428e7222,9,9,2026年7月钨净出口量-1082.68金属吨，同比转负,fact,[],钨.净出口量,-1082.68 金属吨,2026-07,0.9,2026-09-11 17:05:30.580881+00:00,-1082.68,金属吨,2026-09-06
2003,2026-09-06_428e7222,10,10,钼精矿本期价格为5440 元/吨，环比下降0.55%,fact,[],钼精矿.价格,5440 元/吨,,0.9,2026-09-11 17:05:43.600538+00:00,5440,元/吨,2026-09-06
2004,2026-09-06_428e7222,10,10,钼铁本期价格33.70 万元/吨，环比下降1.17%,fact,[],钼铁.价格,33.70 万元/吨,,0.9,2026-09-11 17:05:43.600538+00:00,33.70,万元/吨,2026-09-06
2005,2026-09-06_428e7222,10,10,钼精矿本期库存为4220 吨，环比下降8.26%,fact,[],钼精矿.库存,4220 吨,,0.9,2026-09-11 17:05:43.600538+00:00,4220,吨,2026-09-06
2006,2026-09-06_428e7222,10,10,钼铁本期库存为3740 吨，环比下降3.61%,fact,[],钼铁.库存,3740 吨,,0.9,2026-09-11 17:05:43.600538+00:00,3740,吨,2026-09-06
2007,2026-09-06_428e7222,11,11,2026 年6 月钢招量1.23 万吨，同比+2.1%，景气度较高,fact,[],钼.钢招量,1.23 万吨,2026-06,0.9,2026-09-11 17:05:53.182801+00:00,1.23,万吨,2026-09-06
2008,2026-09-06_428e7222,11,11,2026 年7 月钼净进口量3164 金属吨，同比增长58.52%,fact,[],钼.净进口量,3164 金属吨,2026-07,0.9,2026-09-11 17:05:53.182801+00:00,3164,金属吨,2026-09-06
2009,2026-09-06_428e7222,12,12,铀本期现货价格为89.50 美元/磅U3O8，环比上涨0.85%,fact,[],铀.现货价格,89.50 美元/磅U3O8,,0.95,2026-09-11 17:06:22.722591+00:00,89.50,美元/磅U3O8,2026-09-06
2010,2026-09-06_428e7222,12,12,本期SPUT 隐含铀价为83.86 美元/磅U3O8，环比上涨5.09%,fact,[],铀.SPUT隐含铀价,83.86 美元/磅U3O8,,0.95,2026-09-11 17:06:22.722591+00:00,83.86,美元/磅U3O8,2026-09-06
2011,2026-09-06_428e7222,12,12,2026 年8 月长协价格为96.5 美元/磅U3O8，环比上涨1.05%,fact,[],铀.长协价格,96.5 美元/磅U3O8,2026-08,0.95,2026-09-11 17:06:22.722591+00:00,96.5,美元/磅U3O8,2026-09-06
2012,2026-09-06_428e7222,12,12,关键硫酸项目TQZ 因施工现场发现疑似古生物化石，投产时间由2027Q1 推迟至2027Q3-2028Q1,fact,[],TQZ硫酸项目.投产时间,2027Q3-2028Q1,,0.8,2026-09-11 17:06:22.722591+00:00,2027,Q3-2028Q1,2026-09-06
2013,2026-09-06_428e7222,12,12,美国Palisades 核电站启动反应堆装料，共计划装入204 组燃料组件,fact,[],Palisades核电站.计划装料组件数,204 组,,0.85,2026-09-11 17:06:22.722591+00:00,204,组,2026-09-06
2014,2026-09-06_428e7222,12,12,该机组为一台805 MWe 压水堆,fact,[],Palisades核电站.装机容量,805 MWe,,0.85,2026-09-11 17:06:22.722591+00:00,805,MWe,2026-09-06
2015,2026-09-06_428e7222,12,12,Holtec 还计划申请将其运行期限延长至2051 年,forecast,[],Palisades核电站.运行期限,2051 年,,0.75,2026-09-11 17:06:22.722591+00:00,2051,年,2026-09-06
2016,2026-09-06_428e7222,13,13,钽矿本期价格为232.50 美元/磅，环比上涨1.09%,fact,[],钽矿.价格,232.50 美元/磅,,0.9,2026-09-11 17:06:53.414732+00:00,232.50,美元/磅,2026-09-06
2017,2026-09-06_428e7222,13,13,氧化钽本期价格为435.0 万元/吨，环比下降1.14%,fact,[],氧化钽.价格,435.0 万元/吨,,0.9,2026-09-11 17:06:53.414732+00:00,435.0,万元/吨,2026-09-06
2018,2026-09-06_428e7222,13,13,钽锭本期价格为625.0 万元/吨，环比持平,fact,[],钽锭.价格,625.0 万元/吨,,0.9,2026-09-11 17:06:53.414732+00:00,625.0,万元/吨,2026-09-06
2019,2026-09-06_428e7222,13,13,2026 年7 月我国铌、钽、钒矿砂及其精矿进口量为1055.56 吨，同比-31.34%,fact,[],铌钽钒矿砂.进口量,1055.56 吨,2026-07,0.9,2026-09-11 17:06:53.414732+00:00,1055.56,吨,2026-09-06
2020,2026-09-06_428e7222,13,13,片式钽电容器出口62.94 吨，同比+13.04%,fact,[],片式钽电容器.出口量,62.94 吨,2026-07,0.9,2026-09-11 17:06:53.414732+00:00,62.94,吨,2026-09-06
2021,2026-09-06_428e7222,14,14,本期锆英砂价格为1.19 万元/吨，环比持平,fact,[],锆英砂.价格,1.19 万元/吨,,0.9,2026-09-11 17:07:04.035169+00:00,1.19,万元/吨,2026-09-06
2022,2026-09-06_428e7222,14,14,海绵锆价格为13.95 万元/吨，环比下降11.99%,fact,[],海绵锆.价格,13.95 万元/吨,,0.9,2026-09-11 17:07:04.035169+00:00,13.95,万元/吨,2026-09-06
2023,2026-09-06_428e7222,14,14,2026 年7 月我国锆矿砂及其精矿进口量18.67 万吨，同比-3.62%,fact,[],锆矿砂及其精矿.进口量,18.67 万吨,2026-07,0.9,2026-09-11 17:07:04.035169+00:00,18.67,万吨,2026-09-06
2024,2026-09-06_428e7222,14,14,锆的氯氧化物及氢氧基氯化物出口量4783.01 吨，同比-19.26%,fact,[],锆的氯氧化物及氢氧基氯化物.出口量,4783.01 吨,2026-07,0.9,2026-09-11 17:07:04.035169+00:00,4783.01,吨,2026-09-06
2025,2026-09-06_428e7222,15,15,本期锑锭价格为10.20 万元/吨，环比上涨3.01%,fact,[],锑锭.价格,10.20 万元/吨,,0.9,2026-09-11 17:07:37.658318+00:00,10.20,万元/吨,2026-09-06
2026,2026-09-06_428e7222,15,15,锑精矿价格为8.40 万元/吨，环比上涨1.23%,fact,[],锑精矿.价格,8.40 万元/吨,,0.9,2026-09-11 17:07:37.658318+00:00,8.40,万元/吨,2026-09-06
2027,2026-09-06_428e7222,15,15,海外锑价为1.85万美元/吨，环比上涨4.82%,fact,[],海外锑.价格,1.85 万美元/吨,,0.9,2026-09-11 17:07:37.658318+00:00,1.85,万美元/吨,2026-09-06
2028,2026-09-06_428e7222,15,15,2026 年7 月锑进口量2338 金属吨，同比增加176.24%,fact,[],锑.进口量,2338 金属吨,2026-07,0.9,2026-09-11 17:07:37.658318+00:00,2338,金属吨,2026-09-06
2029,2026-09-06_428e7222,15,15,锑出口量113 金属吨，同比增加17.78%,fact,[],锑.出口量,113 金属吨,2026-07,0.9,2026-09-11 17:07:37.658318+00:00,113,金属吨,2026-09-06
2030,2026-09-06_5afe0912,3,3,上周传媒（申万）指数上涨6.03%,fact,[],传媒.涨跌幅,6.03%,,0.95,2026-09-11 17:08:46.053785+00:00,6.03,%,2026-09-06
2031,2026-09-06_5afe0912,3,3,传媒（申万）指数位居31 个行业第1 名,fact,[],传媒.行业排名,第1 名,,0.9,2026-09-11 17:08:46.053785+00:00,,,2026-09-06
2032,2026-09-06_5afe0912,3,3,强于沪深300（下跌1.33%）,fact,[],沪深300.涨跌幅,下跌1.33%,,0.9,2026-09-11 17:08:46.053785+00:00,,,2026-09-06
2033,2026-09-06_5afe0912,3,3,深证成指下跌3.13%,fact,[],深证成指.涨跌幅,下跌3.13%,,0.9,2026-09-11 17:08:46.053785+00:00,,,2026-09-06
2034,2026-09-06_5afe0912,3,3,创业板指下跌4.03%,fact,[],创业板指.涨跌幅,下跌4.03%,,0.9,2026-09-11 17:08:46.053785+00:00,,,2026-09-06
2035,2026-09-06_5afe0912,3,3,上证指数下跌0.56%,fact,[],上证指数.涨跌幅,下跌0.56%,,0.9,2026-09-11 17:08:46.053785+00:00,,,2026-09-06
2036,2026-09-06_5afe0912,3,3,上证中小下跌1.90%,fact,[],上证中小.涨跌幅,下跌1.90%,,0.9,2026-09-11 17:08:46.053785+00:00,,,2026-09-06
2037,2026-09-06_5afe0912,4,4,2026 年海外短剧整体市场规模预计达 60 亿美元，同比增长 50%,forecast,[],海外短剧.市场规模,60 亿美元,2026,0.85,2026-09-11 17:09:00.505821+00:00,60,亿美元,2026-09-06
2038,2026-09-06_5afe0912,4,4,年中海外微短剧月活有望达到 2.58 亿,forecast,[],海外微短剧.月活,2.58 亿,2026H1,0.8,2026-09-11 17:09:00.505821+00:00,2.58,亿,2026-09-06
2039,2026-09-06_5afe0912,4,4,年中海外微短剧用户渗透率升至 13.9%,forecast,[],海外微短剧.用户渗透率,13.9%,2026H1,0.8,2026-09-11 17:09:00.505821+00:00,13.9,%,2026-09-06
2040,2026-09-06_5afe0912,4,4,年末海外微短剧月活有望达到 3.89 亿,forecast,[],海外微短剧.月活,3.89 亿,2026,0.8,2026-09-11 17:09:00.505821+00:00,3.89,亿,2026-09-06
2041,2026-09-06_5afe0912,4,4,年末海外微短剧渗透率升至 20.9%,forecast,[],海外微短剧.用户渗透率,20.9%,2026,0.8,2026-09-11 17:09:00.505821+00:00,20.9,%,2026-09-06
2042,2026-09-06_5afe0912,4,4,海外 AI 短剧市场规模预计达 6.5 亿美元，同比增长 6 倍,forecast,[],海外AI短剧.市场规模,6.5 亿美元,2026,0.85,2026-09-11 17:09:00.505821+00:00,6.5,亿美元,2026-09-06
2043,2026-09-06_5afe0912,5,5,2026 年中国微短剧、AI 剧漫剧市场规模合计将突破1210 亿,forecast,[],微短剧及AI剧漫剧.市场规模,1210 亿,2026,0.8,2026-09-11 17:09:35.053056+00:00,1210,亿,2026-09-06
2044,2026-09-06_5afe0912,5,5,2026 年中国免费微短剧市场规模约573 亿元，较2025 年同比增长8%,forecast,[],免费微短剧.市场规模,573 亿元,2026,0.8,2026-09-11 17:09:35.053056+00:00,573,亿元,2026-09-06
2045,2026-09-06_5afe0912,5,5,免费微短剧典型APP“红果免费短剧”月活跃用户规模已超3 亿，较去年增长84.6%,fact,[],红果免费短剧.月活跃用户,超3 亿,,0.9,2026-09-11 17:09:35.053056+00:00,,,2026-09-06
2046,2026-09-06_5afe0912,5,5,月人均单日使用时长达125 分钟,fact,[],红果免费短剧.人均单日使用时长,125 分钟,,0.9,2026-09-11 17:09:35.053056+00:00,125,分钟,2026-09-06
2047,2026-09-06_5afe0912,5,5,截至2026 年5 月，微短剧用户规模已达8.51 亿,fact,[],微短剧.用户规模,8.51 亿,2026-05,0.9,2026-09-11 17:09:35.053056+00:00,8.51,亿,2026-09-06
2048,2026-09-06_5afe0912,5,5,占网民总数比重达66.7%,fact,[],微短剧.用户占网民比重,66.7%,2026-05,0.9,2026-09-11 17:09:35.053056+00:00,66.7,%,2026-09-06
2049,2026-09-06_5afe0912,5,5,短剧APP 行业月人均使用时长达26.9 小时,fact,[],短剧APP.月人均使用时长,26.9 小时,2026-05,0.9,2026-09-11 17:09:35.053056+00:00,26.9,小时,2026-09-06
2050,2026-09-06_5afe0912,5,5,2026 年AI 漫规模超400 亿元,forecast,[],AI漫剧.市场规模,超400 亿元,2026,0.8,2026-09-11 17:09:35.053056+00:00,,,2026-09-06
2051,2026-09-06_5afe0912,5,5,截至2026 年5 月，红果短剧月活达3.56 亿，同比增长79.1%,fact,[],红果短剧.月活,3.56 亿,2026-05,0.9,2026-09-11 17:09:35.053056+00:00,3.56,亿,2026-09-06
2052,2026-09-06_5afe0912,5,5,6 月红果仍然稳居第一，MAU 是第二名河马剧场的7.6 倍,fact,[],红果短剧.MAU,第二名河马剧场的7.6 倍,2026-06,0.9,2026-09-11 17:09:35.053056+00:00,,,2026-09-06
2053,2026-09-06_5afe0912,6,6,上半年各平台共上线微短剧36.7 万部,fact,[],微短剧.上线数量,36.7 万部,2026H1,0.9,2026-09-11 17:10:05.100164+00:00,36.7,万部,2026-09-06
2054,2026-09-06_5afe0912,6,6,其中AI 内容占比超过74%,fact,[],微短剧.AI内容占比,超过74%,2026H1,0.9,2026-09-11 17:10:05.100164+00:00,,,2026-09-06
2055,2026-09-06_5afe0912,6,6,2026H1 抖音端原生新上线的AI 短剧就超过22.19 万部,fact,[],AI短剧.上线数量,超过22.19 万部,2026H1,0.9,2026-09-11 17:10:05.100164+00:00,,,2026-09-06
2056,2026-09-06_5afe0912,6,6,2025 年全国上线的真人微短剧不过3.3 万部,fact,[],真人微短剧.上线数量,3.3 万部,2025,0.9,2026-09-11 17:10:05.100164+00:00,3.3,万部,2026-09-06
2057,2026-09-06_5afe0912,6,6,漫剧百强榜中AI 仿真人短剧占比已从2025 年初的约7%飙升至2026 年3 月的超过60%,fact,[],漫剧.AI仿真人短剧占比,超过60%,2026-03,0.9,2026-09-11 17:10:05.100164+00:00,,,2026-09-06
2058,2026-09-06_5afe0912,6,6,今年上半年抖音端22.19 万部AI 短剧中，播放量破亿的仅1055 部，破亿率低至0.47%,fact,[],AI短剧.破亿率,0.47%,2026H1,0.9,2026-09-11 17:10:05.100164+00:00,0.47,%,2026-09-06
2059,2026-09-06_5afe0912,6,6,破千万的1.2 万部，比例为5.8%,fact,[],AI短剧.破千万率,5.8%,2026H1,0.9,2026-09-11 17:10:05.100164+00:00,5.8,%,2026-09-06
2060,2026-09-06_5afe0912,6,6,AI 漫剧爆款率不足0.1%,fact,[],AI漫剧.爆款率,不足0.1%,,0.85,2026-09-11 17:10:05.100164+00:00,,,2026-09-06
2061,2026-09-06_5afe0912,6,6,传统单部短剧制作成本约50 万元,fact,[],短剧.单部制作成本,约50 万元,,0.9,2026-09-11 17:10:05.100164+00:00,,,2026-09-06
2062,2026-09-06_5afe0912,6,6,AI 制作单部仅需3 至5 万元，降幅超过90%,fact,[],AI短剧.单部制作成本,3 至5 万元,,0.9,2026-09-11 17:10:05.100164+00:00,3,至5 万元,2026-09-06
2063,2026-09-06_5afe0912,8,8,巨人网络股价27.67元，市值525.89亿元，2025A/2026E/2027E EPS分别为0.88/2.39/2.84元，PE分别为31.44/11.58/9.74倍，评级增持,forecast,[],巨人网络.评级,增持,,0.85,2026-09-11 17:12:25.743110+00:00,,,2025-09-04
2064,2026-09-06_5afe0912,8,8,恺英网络股价17.41元，市值371.95亿元，2025A/2026E/2027E EPS分别为0.89/1.24/1.44元，PE分别为19.56/14.04/12.09倍，评级增持,forecast,[],恺英网络.评级,增持,,0.85,2026-09-11 17:12:25.743110+00:00,,,2025-09-04
2065,2026-09-06_5afe0912,8,8,完美世界股价11.16元，市值216.50亿元，2025A/2026E/2027E EPS分别为0.38/0.93/1.12元，PE分别为29.37/12.00/9.96倍，评级增持,forecast,[],完美世界.评级,增持,,0.85,2026-09-11 17:12:25.743110+00:00,,,2025-09-04
2066,2026-09-06_5afe0912,8,8,吉比特股价399.90元，市值288.09亿元，2025A/2026E/2027E EPS分别为24.9/27.16/30.98元，PE分别为16.06/14.72/12.91倍，评级增持,forecast,[],吉比特.评级,增持,,0.85,2026-09-11 17:12:25.743110+00:00,,,2025-09-04
2067,2026-09-06_5afe0912,8,8,世纪华通股价15.73元，市值1159.41亿元，2025A/2026E/2027E EPS分别为0.76/1.23/1.56元，PE分别为20.70/12.79/10.08倍，评级增持,forecast,[],世纪华通.评级,增持,,0.85,2026-09-11 17:12:25.743110+00:00,,,2025-09-04
2068,2026-09-06_5afe0912,8,8,儒意电影股价8.46元，市值178.66亿元，2025A/2026E/2027E EPS分别为0.24/0.42/0.53元，PE分别为35.25/20.14/15.96倍，评级增持,forecast,[],儒意电影.评级,增持,,0.85,2026-09-11 17:12:25.743110+00:00,,,2025-09-04
2069,2026-09-06_5afe0912,8,8,华策影视股价7.67元，市值143.79亿元，2025A/2026E/2027E EPS分别为0.10/0.20/0.24元，评级增持,forecast,[],华策影视.评级,增持,,0.85,2026-09-11 17:12:25.743110+00:00,,,2025-09-04
2070,2026-09-06_5afe0912,8,8,芒果超媒股价21.25元，市值397.53亿元，2025A/2026E/2027E EPS分别为0.66/0.40/0.57元，评级增持,forecast,[],芒果超媒.评级,增持,,0.85,2026-09-11 17:12:25.743110+00:00,,,2025-09-04
2071,2026-09-06_5afe0912,8,8,大麦娱乐股价0.50元，市值149.88亿元，2025A/2026E/2027E EPS分别为0.01/0.03/0.04元，评级增持,forecast,[],大麦娱乐.评级,增持,,0.85,2026-09-11 17:12:25.743110+00:00,,,2025-09-04
2072,2026-09-06_5afe0912,8,8,中国儒意推出AI产品Kaori Go，今年已推出三款AI产品,fact,[],中国儒意.AI产品数量,三款,2025,0.7,2026-09-11 17:12:25.743110+00:00,,,2026-09-06
2073,2026-09-06_5afe0912,8,8,知乎AI Works上线不到三个月，已沉淀超过2600个AI项目,fact,[],知乎AI Works.AI项目数,超过2600 个,,0.8,2026-09-11 17:12:25.743110+00:00,,,2025-09-04
2074,2026-09-06_5afe0912,8,8,千问办公上线满一个月，用户数突破3000万，企业用户占比过半,fact,[],千问办公.用户数,突破3000 万,,0.85,2026-09-11 17:12:25.743110+00:00,,,2026-09-06
2075,2026-09-06_5afe0912,8,8,过去一个月，千问办公共完成120个版本更新，平均一天迭代4次,fact,[],千问办公.版本更新数,120 个,,0.7,2026-09-11 17:12:25.743110+00:00,120,个,2026-09-06
2076,2026-09-06_5afe0912,9,9,截至8 月30 日11 时58 分，影片《肖申克的救赎》票房突破1000 万元,fact,[],电影.票房,1000 万元,,0.9,2026-09-11 17:13:12.090248+00:00,1000,万元,2026-08-30
2077,2026-09-06_5afe0912,9,9,"""快手优创计划""面向具备圈层深耕、稳定产出、深度表达的专业力创作者，投入5 亿现金与五百亿流量",fact,[],快手.投入,5 亿现金与五百亿流量,,0.8,2026-09-11 17:13:12.090248+00:00,5,亿现金与五百亿流量,2026-08-29
2078,2026-09-06_5afe0912,9,9,本月共有215 款游戏过审，较上月的197 个增加18 个,fact,[],网络游戏.版号审批数量,215 款,2026-08,0.9,2026-09-11 17:13:12.090248+00:00,215,款,2026-08-31
2079,2026-09-06_5afe0912,9,9,其中国产网络游戏209 款,fact,[],国产网络游戏.版号审批数量,209 款,2026-08,0.9,2026-09-11 17:13:12.090248+00:00,209,款,2026-08-31
2080,2026-09-06_5afe0912,9,9,进口网络游戏6 款,fact,[],进口网络游戏.版号审批数量,6 款,2026-08,0.9,2026-09-11 17:13:12.090248+00:00,6,款,2026-08-31
2081,2026-09-06_5afe0912,9,9,另有12 条游戏审批变更信息同步披露,fact,[],网络游戏.审批变更数量,12 条,2026-08,0.85,2026-09-11 17:13:12.090248+00:00,12,条,2026-08-31
2082,2026-09-06_5afe0912,9,9,本月移动类119 款，移动-休闲益智类76 款，移动、客户端双端产品15 款，客户端产品3 款，另有2 款产品覆盖网页等更多端口,fact,[],移动游戏.版号审批数量,119 款,2026-08,0.85,2026-09-11 17:13:12.090248+00:00,119,款,2026-08-31
2083,2026-09-06_5afe0912,10,10,"截至2026年8月31日，力盛体育通过回购专用证券账户以集中竞价交易方式回购公司股份525,200股，占公司总股本的0.2813%",fact,[],力盛体育.回购股份数,"525,200 股",,0.9,2026-09-11 17:14:44.103779+00:00,525200,股,2026-08-31
2084,2026-09-06_5afe0912,10,10,力盛体育回购最高成交价为11.70元/股,fact,[],力盛体育.回购最高价,11.70 元/股,,0.9,2026-09-11 17:14:44.103779+00:00,11.70,元/股,2026-08-31
2085,2026-09-06_5afe0912,10,10,力盛体育回购最低成交价为9.75元/股,fact,[],力盛体育.回购最低价,9.75 元/股,,0.9,2026-09-11 17:14:44.103779+00:00,9.75,元/股,2026-08-31
2086,2026-09-06_5afe0912,10,10,"力盛体育回购成交总金额为5,525,341.00元（不含交易费用）",fact,[],力盛体育.回购金额,"5,525,341.00 元",,0.9,2026-09-11 17:14:44.103779+00:00,5525341.00,元,2026-08-31
2087,2026-09-06_5afe0912,10,10,"截至2026年8月31日，奥飞娱乐通过回购专用证券账户以集中竞价交易方式累计回购公司股份7,234,163股，占公司当前总股本的0.4892%",fact,[],奥飞娱乐.回购股份数,"7,234,163 股",,0.9,2026-09-11 17:14:44.103779+00:00,7234163,股,2026-08-31
2088,2026-09-06_5afe0912,10,10,奥飞娱乐回购最高成交价为7.98元/股,fact,[],奥飞娱乐.回购最高价,7.98 元/股,,0.9,2026-09-11 17:14:44.103779+00:00,7.98,元/股,2026-08-31
2089,2026-09-06_5afe0912,10,10,奥飞娱乐回购最低成交价为6.34元/股,fact,[],奥飞娱乐.回购最低价,6.34 元/股,,0.9,2026-09-11 17:14:44.103779+00:00,6.34,元/股,2026-08-31
2090,2026-09-06_5afe0912,10,10,"奥飞娱乐回购成交总金额为46,782,147.09元（不含交易费用）",fact,[],奥飞娱乐.回购金额,"46,782,147.09 元",,0.9,2026-09-11 17:14:44.103779+00:00,46782147.09,元,2026-08-31
2091,2026-09-06_5afe0912,10,10,"截至2026年8月31日，神州泰岳通过深圳证券交易所股票交易系统以集中竞价方式累计回购公司股份37,251,100股，占公司目前总股本的1.89%",fact,[],神州泰岳.回购股份数,"37,251,100 股",,0.9,2026-09-11 17:14:44.103779+00:00,37251100,股,2026-08-31
2092,2026-09-06_5afe0912,10,10,神州泰岳回购最高成交价为8.54元/股,fact,[],神州泰岳.回购最高价,8.54 元/股,,0.9,2026-09-11 17:14:44.103779+00:00,8.54,元/股,2026-08-31
2093,2026-09-06_5afe0912,10,10,神州泰岳回购最低成交价为7.62元/股,fact,[],神州泰岳.回购最低价,7.62 元/股,,0.9,2026-09-11 17:14:44.103779+00:00,7.62,元/股,2026-08-31
2094,2026-09-06_5afe0912,10,10,"神州泰岳回购支付的总金额为30,088.91万元（不含交易费用）",fact,[],神州泰岳.回购金额,"30,088.91 万元",,0.9,2026-09-11 17:14:44.103779+00:00,30088.91,万元,2026-08-31
2095,2026-09-06_5afe0912,10,10,"截至2026年8月31日，儒意电影通过回购专用证券账户以集中竞价交易方式累计回购公司股份17,910,600股，占公司当前总股本的0.85%",fact,[],儒意电影.回购股份数,"17,910,600 股",,0.9,2026-09-11 17:14:44.103779+00:00,17910600,股,2026-08-31
2096,2026-09-06_5afe0912,10,10,儒意电影回购最高成交价为8.87元/股,fact,[],儒意电影.回购最高价,8.87 元/股,,0.9,2026-09-11 17:14:44.103779+00:00,8.87,元/股,2026-08-31
2097,2026-09-06_5afe0912,10,10,儒意电影回购最低成交价为7.91元/股,fact,[],儒意电影.回购最低价,7.91 元/股,,0.9,2026-09-11 17:14:44.103779+00:00,7.91,元/股,2026-08-31
2098,2026-09-06_5afe0912,10,10,"儒意电影回购成交总金额为148,871,819.83元（不含交易费用）",fact,[],儒意电影.回购金额,"148,871,819.83 元",,0.9,2026-09-11 17:14:44.103779+00:00,148871819.83,元,2026-08-31
2099,2026-09-06_5afe0912,10,10,2026年第35周(2026.8.29-2026.9.4)《八仙!》区间票房6162.4万元,fact,[],电影.票房,6162.4 万元,2026W35,0.8,2026-09-11 17:14:44.103779+00:00,6162.4,万元,2026-09-06
2100,2026-09-06_5afe0912,10,10,2026年第35周(2026.8.29-2026.9.4)《八仙!》区间累计票房186106.8万元,fact,[],电影.累计票房,186106.8 万元,2026W35,0.8,2026-09-11 17:14:44.103779+00:00,186106.8,万元,2026-09-06
2101,2026-09-06_5afe0912,11,11,至潮影业 10.8%,fact,[],院线.同比,10.8%,,0.4,2026-09-11 17:17:01.604033+00:00,10.8,%,2026-09-06
2102,2026-09-06_5afe0912,11,11,深圳百川 342.6，6.9%,fact,[],院线.票房,342.6,,0.5,2026-09-11 17:17:01.604033+00:00,342.6,,2026-09-06
2105,2026-09-06_5afe0912,11,11,仙逆：本尊-官方... 游戏评分 4.6（iOS 中国区免费榜 TOP30，9 月 4 日）,fact,[],仙逆：本尊.评分,4.6,9月4日,0.8,2026-09-11 17:17:01.604033+00:00,4.6,,2026-09-06
2108,2026-09-06_5afe0912,11,11,无畏契约：源能... 游戏评分 3.2（iOS 中国区免费榜 TOP30，9 月 4 日）,fact,[],无畏契约：源能.评分,3.2,9月4日,0.8,2026-09-11 17:17:01.604033+00:00,3.2,,2026-09-06
2109,2026-09-06_5afe0912,11,11,阿斗我扶你 游戏评分 4.4（iOS 中国区免费榜 TOP30，9 月 4 日）,fact,[],阿斗我扶你.评分,4.4,9月4日,0.8,2026-09-11 17:17:01.604033+00:00,4.4,,2026-09-06
2113,2026-09-06_5afe0912,11,11,地铁跑酷：开罗... 游戏评分 4.7（iOS 中国区免费榜 TOP30，9 月 4 日）,fact,[],地铁跑酷：开罗.评分,4.7,9月4日,0.8,2026-09-11 17:17:01.604033+00:00,4.7,,2026-09-06
2114,2026-09-06_5afe0912,11,11,我的世界：移动版 游戏评分 4.1（iOS 中国区免费榜 TOP30，9 月 4 日）,fact,[],我的世界：移动版.评分,4.1,9月4日,0.8,2026-09-11 17:17:01.604033+00:00,4.1,,2026-09-06
2115,2026-09-06_5afe0912,11,11,梦幻新诛仙：轻享 游戏评分 4.8（iOS 中国区免费榜 TOP30，9 月 4 日）,fact,[],梦幻新诛仙：轻享.评分,4.8,9月4日,0.8,2026-09-11 17:17:01.604033+00:00,4.8,,2026-09-06
2116,2026-09-06_5afe0912,11,11,解压流沙 游戏评分 3.8（iOS 中国区免费榜 TOP30，9 月 4 日）,fact,[],解压流沙.评分,3.8,9月4日,0.8,2026-09-11 17:17:01.604033+00:00,3.8,,2026-09-06
2117,2026-09-06_5afe0912,11,11,找了个茬 游戏评分 4.3（iOS 中国区免费榜 TOP30，9 月 4 日）,fact,[],找了个茬.评分,4.3,9月4日,0.8,2026-09-11 17:17:01.604033+00:00,4.3,,2026-09-06
2118,2026-09-06_5afe0912,11,11,贪吃蛇大作战® 游戏评分 4.5（iOS 中国区免费榜 TOP30，9 月 4 日）,fact,[],贪吃蛇大作战.评分,4.5,9月4日,0.8,2026-09-11 17:17:01.604033+00:00,4.5,,2026-09-06
2119,2026-09-06_5afe0912,11,11,植物大战僵尸2-1... 游戏评分 3.7（iOS 中国区免费榜 TOP30，9 月 4 日）,fact,[],植物大战僵尸2.评分,3.7,9月4日,0.8,2026-09-11 17:17:01.604033+00:00,3.7,,2026-09-06
2120,2026-09-06_5afe0912,11,11,梦幻西游：再续... 游戏评分 4.6（iOS 中国区免费榜 TOP30，9 月 4 日）,fact,[],梦幻西游：再续.评分,4.6,9月4日,0.8,2026-09-11 17:17:01.604033+00:00,4.6,,2026-09-06
2122,2026-09-06_5afe0912,12,12,迷你世界 评分 4.1,fact,[],迷你世界.评分,4.1,,0.8,2026-09-11 17:18:04.173648+00:00,4.1,,2026-09-06
2123,2026-09-06_5afe0912,12,12,俱乐大玩家 评分 3.8,fact,[],俱乐大玩家.评分,3.8,,0.8,2026-09-11 17:18:04.173648+00:00,3.8,,2026-09-06
2124,2026-09-06_5afe0912,12,12,部落冲突（Clash...）评分 4.5,fact,[],部落冲突.评分,4.5,,0.8,2026-09-11 17:18:04.173648+00:00,4.5,,2026-09-06
2125,2026-09-06_5afe0912,12,12,飞机大厨：空中... 评分 4.5,fact,[],飞机大厨.评分,4.5,,0.8,2026-09-11 17:18:04.173648+00:00,4.5,,2026-09-06
2126,2026-09-06_5afe0912,12,12,疯狂水世界 评分 4.4,fact,[],疯狂水世界.评分,4.4,,0.8,2026-09-11 17:18:04.173648+00:00,4.4,,2026-09-06
2127,2026-09-06_5afe0912,12,12,英雄联盟手游 评分 4.5,fact,[],英雄联盟手游.评分,4.5,,0.8,2026-09-11 17:18:04.173648+00:00,4.5,,2026-09-06
2128,2026-09-06_5afe0912,12,12,QQ飞车 评分 4.1,fact,[],QQ飞车.评分,4.1,,0.8,2026-09-11 17:18:04.173648+00:00,4.1,,2026-09-06
2129,2026-09-06_5afe0912,12,12,超自然行动组 评分 4.6,fact,[],超自然行动组.评分,4.6,,0.8,2026-09-11 17:18:04.173648+00:00,4.6,,2026-09-06
2130,2026-09-06_5afe0912,12,12,燕云十六声 评分 4.7,fact,[],燕云十六声.评分,4.7,,0.8,2026-09-11 17:18:04.173648+00:00,4.7,,2026-09-06
2131,2026-09-06_5afe0912,12,12,泰拉瑞亚 评分 4.4（iOS 中国区付费榜，9月4日）,fact,[],泰拉瑞亚.评分,4.4,,0.8,2026-09-11 17:18:04.173648+00:00,4.4,,2026-09-06
2132,2026-09-06_5afe0912,12,12,王国保卫战5 评分 4.7（iOS 中国区付费榜，9月4日）,fact,[],王国保卫战5.评分,4.7,,0.8,2026-09-11 17:18:04.173648+00:00,4.7,,2026-09-06
2133,2026-09-06_5afe0912,12,12,劫后公司 评分 4.7（iOS 中国区付费榜，9月4日）,fact,[],劫后公司.评分,4.7,,0.8,2026-09-11 17:18:04.173648+00:00,4.7,,2026-09-06
2134,2026-09-06_5afe0912,12,12,鬼谷八荒 评分 3.3（iOS 中国区付费榜，9月4日）,fact,[],鬼谷八荒.评分,3.3,,0.8,2026-09-11 17:18:04.173648+00:00,3.3,,2026-09-06
2135,2026-09-06_5afe0912,12,12,重生细胞 评分 4.7（iOS 中国区付费榜，9月4日）,fact,[],重生细胞.评分,4.7,,0.8,2026-09-11 17:18:04.173648+00:00,4.7,,2026-09-06
2136,2026-09-06_5afe0912,12,12,暖雪 评分 4.8（iOS 中国区付费榜，9月4日）,fact,[],暖雪.评分,4.8,,0.8,2026-09-11 17:18:04.173648+00:00,4.8,,2026-09-06
2137,2026-09-06_5afe0912,12,12,大侠立志传 评分 4.1（iOS 中国区付费榜，9月4日）,fact,[],大侠立志传.评分,4.1,,0.8,2026-09-11 17:18:04.173648+00:00,4.1,,2026-09-06
2138,2026-09-06_5afe0912,12,12,迷失岛 评分 4.3（iOS 中国区付费榜，9月4日）,fact,[],迷失岛.评分,4.3,,0.8,2026-09-11 17:18:04.173648+00:00,4.3,,2026-09-06
2139,2026-09-06_5afe0912,12,12,Kingdom Rush Frontiers 塔防史诗 评分 4.8（iOS 中国区付费榜，9月4日）,fact,[],Kingdom Rush Frontiers.评分,4.8,,0.8,2026-09-11 17:18:04.173648+00:00,4.8,,2026-09-06
2140,2026-09-06_5afe0912,12,12,避难所：生存 评分 2.7（iOS 中国区付费榜，9月4日）,fact,[],避难所：生存.评分,2.7,,0.8,2026-09-11 17:18:04.173648+00:00,2.7,,2026-09-06
2141,2026-09-06_5afe0912,12,12,拣爱 评分 4.5（iOS 中国区付费榜，9月4日）,fact,[],拣爱.评分,4.5,,0.8,2026-09-11 17:18:04.173648+00:00,4.5,,2026-09-06
2142,2026-09-06_5afe0912,12,12,人类跌落梦境 评分 3.9（iOS 中国区付费榜，9月4日）,fact,[],人类跌落梦境.评分,3.9,,0.8,2026-09-11 17:18:04.173648+00:00,3.9,,2026-09-06
2143,2026-09-06_5afe0912,12,12,下一站江湖II 评分 4.3（iOS 中国区付费榜，9月4日）,fact,[],下一站江湖II.评分,4.3,,0.8,2026-09-11 17:18:04.173648+00:00,4.3,,2026-09-06
2144,2026-09-06_5afe0912,12,12,火柴人联盟2 评分 4.6（iOS 中国区付费榜，9月4日）,fact,[],火柴人联盟2.评分,4.6,,0.8,2026-09-11 17:18:04.173648+00:00,4.6,,2026-09-06
2145,2026-09-06_5afe0912,12,12,魔法工艺 评分 4.8（iOS 中国区付费榜，9月4日）,fact,[],魔法工艺.评分,4.8,,0.8,2026-09-11 17:18:04.173648+00:00,4.8,,2026-09-06
2146,2026-09-06_5afe0912,12,12,迷雾北境 评分 4.9（iOS 中国区付费榜，9月4日）,fact,[],迷雾北境.评分,4.9,,0.8,2026-09-11 17:18:04.173648+00:00,4.9,,2026-09-06
2147,2026-09-06_5afe0912,12,12,喵斯快跑 评分 4.9（iOS 中国区付费榜，9月4日）,fact,[],喵斯快跑.评分,4.9,,0.8,2026-09-11 17:18:04.173648+00:00,4.9,,2026-09-06
2148,2026-09-06_5afe0912,12,12,传奇1.76 官方正版盛大首发(重置版)迷失传说 评分 4.6（iOS 中国区付费榜，9月4日）,fact,[],传奇1.76.评分,4.6,,0.8,2026-09-11 17:18:04.173648+00:00,4.6,,2026-09-06
2149,2026-09-06_5afe0912,12,12,纪念碑谷2 评分 4.1（iOS 中国区付费榜，9月4日）,fact,[],纪念碑谷2.评分,4.1,,0.8,2026-09-11 17:18:04.173648+00:00,4.1,,2026-09-06
2150,2026-09-06_5afe0912,12,12,贪婪洞窟 评分 4.6（iOS 中国区付费榜，9月4日）,fact,[],贪婪洞窟.评分,4.6,,0.8,2026-09-11 17:18:04.173648+00:00,4.6,,2026-09-06
2151,2026-09-06_5afe0912,12,12,全面憨憨战争模拟 评分 4.2（iOS 中国区付费榜，9月4日）,fact,[],全面憨憨战争模拟.评分,4.2,,0.8,2026-09-11 17:18:04.173648+00:00,4.2,,2026-09-06
2152,2026-09-06_5afe0912,12,12,神战三国 评分 4.7（iOS 中国区付费榜，9月4日）,fact,[],神战三国.评分,4.7,,0.8,2026-09-11 17:18:04.173648+00:00,4.7,,2026-09-06
2153,2026-09-06_5afe0912,12,12,王国保卫战4 评分 4.7（iOS 中国区付费榜，9月4日）,fact,[],王国保卫战4.评分,4.7,,0.8,2026-09-11 17:18:04.173648+00:00,4.7,,2026-09-06
2237,2026-09-06_5e305376,11,11,巴西 9月4日长债收益率水平 14.36%,fact,[],BR.GOV10Y.yield,14.36%,2026-09-04,0.85,2026-09-11 17:26:09.428471+00:00,14.36,%,2026-09-04
2238,2026-09-06_5e305376,11,11,墨西哥 9月4日长债收益率水平 9.26%,fact,[],MX.GOV10Y.yield,9.26%,2026-09-04,0.85,2026-09-11 17:26:09.428471+00:00,9.26,%,2026-09-04
